{
  "HVIGOR_OHOS_PLUGIN": {
    "MODULES": [
      {
        "MODULE_NAME": "1043bfc77febe75fafec0c4309faccf1",
        "API_TYPE": "stageMode",
        "INCREMENTAL_TASKS": {
          "COMPILE_ARKTS": true
        }
      }
    ],
    "BUILD_MODE": "debug"
  },
  "HVIGOR": {
    "IS_INCREMENTAL": true,
    "IS_DAEMON": true,
    "IS_PARALLEL": true,
    "IS_HVIGORFILE_TYPE_CHECK": false,
    "TASK_TIME": {
      "1043bfc77febe75fafec0c4309faccf1": {
        "ConfigureCmake": 1521900,
        "PreCheckSyscap": 2306500,
        "GeneratePkgContextInfo": 2363600,
        "ProcessIntegratedHsp": 8465200,
        "BuildNativeWithCmake": 1255000,
        "SyscapTransform": 6946100,
        "BuildNativeWithNinja": 3620400,
        "BuildJS": 44347200,
        "CompileArkTS": 7879499200,
        "PackageHap": 1451228200,
        "SignHap": 5038100,
        "assembleHap": 822200
      }
    },
    "TOTAL_TIME": 11771833400,
    "BUILD_ID": "202501181935262480"
  }
}