{"C:\\Users\\29652\\Downloads\\videoPlayer-main\\videoPlayer-main\\AppScope\\app.json5":{"hashValue":"e994ad81bf08a71e1d079ac8427ae64a","name":"app.json5","path":"C:\\Users\\29652\\Downloads\\videoPlayer-main\\videoPlayer-main\\AppScope\\app.json5","type":"file","isSymbolicLink":false,"fileMetaData":{"size":222,"lastModifiedTime":1734677307624}},"C:\\Users\\29652\\Downloads\\videoPlayer-main\\videoPlayer-main\\entry\\src\\main\\module.json5":{"hashValue":"6de656c2b670f821b23dcbb5225f88f2","name":"module.json5","path":"C:\\Users\\29652\\Downloads\\videoPlayer-main\\videoPlayer-main\\entry\\src\\main\\module.json5","type":"file","isSymbolicLink":false,"fileMetaData":{"size":1033,"lastModifiedTime":1734677307751}},"C:\\Users\\29652\\Downloads\\videoPlayer-main\\videoPlayer-main\\build-profile.json5":{"hashValue":"400248a837f6216eb81768843a41a448","name":"build-profile.json5","path":"C:\\Users\\29652\\Downloads\\videoPlayer-main\\videoPlayer-main\\build-profile.json5","type":"file","isSymbolicLink":false,"fileMetaData":{"size":475,"lastModifiedTime":1734677307526}},"C:\\Users\\29652\\Downloads\\videoPlayer-main\\videoPlayer-main\\entry\\build-profile.json5":{"hashValue":"45445aeab677cfd2f558d6a843e22d96","name":"build-profile.json5","path":"C:\\Users\\29652\\Downloads\\videoPlayer-main\\videoPlayer-main\\entry\\build-profile.json5","type":"file","isSymbolicLink":false,"fileMetaData":{"size":192,"lastModifiedTime":1734677307698}},"C:\\Users\\29652\\Downloads\\videoPlayer-main\\videoPlayer-main\\entry\\src\\main\\resources\\base\\profile\\main_pages.json":{"hashValue":"4f3e926a540fb34ac477e613da99bf7c","name":"main_pages.json","path":"C:\\Users\\29652\\Downloads\\videoPlayer-main\\videoPlayer-main\\entry\\src\\main\\resources\\base\\profile\\main_pages.json","type":"file","isSymbolicLink":false,"fileMetaData":{"size":86,"lastModifiedTime":1734677308331}},"C:\\Users\\29652\\Downloads\\videoPlayer-main\\videoPlayer-main\\hvigor\\hvigor-config.json5":{"hashValue":"8910c7247a222642c5808de2cc48717c","name":"hvigor-config.json5","path":"C:\\Users\\29652\\Downloads\\videoPlayer-main\\videoPlayer-main\\hvigor\\hvigor-config.json5","type":"file","isSymbolicLink":false,"fileMetaData":{"size":58,"lastModifiedTime":1734677308621}},"C:\\Users\\29652\\Downloads\\videoPlayer-main\\videoPlayer-main\\entry\\oh-package.json5":{"hashValue":"4320cdb8d99b2b48d029453e1a3fafed","name":"oh-package.json5","path":"C:\\Users\\29652\\Downloads\\videoPlayer-main\\videoPlayer-main\\entry\\oh-package.json5","type":"file","isSymbolicLink":false,"fileMetaData":{"size":183,"lastModifiedTime":1734677307729}},"C:\\Users\\29652\\Downloads\\videoPlayer-main\\videoPlayer-main\\entry\\build\\default\\intermediates\\hap_metadata\\default\\output_metadata.json":{"hashValue":"cc8f7b424516ec309d0c1433e97071e2","name":"output_metadata.json","path":"C:\\Users\\29652\\Downloads\\videoPlayer-main\\videoPlayer-main\\entry\\build\\default\\intermediates\\hap_metadata\\default\\output_metadata.json","type":"file","isSymbolicLink":false,"fileMetaData":{"size":93,"lastModifiedTime":1734677412974}},"C:\\Users\\29652\\Downloads\\videoPlayer-main\\videoPlayer-main\\entry\\build\\default\\intermediates\\merge_profile\\default\\module.json":{"hashValue":"7cad36249cc5fe70f7a41aeb0ffb8534","name":"module.json","path":"C:\\Users\\29652\\Downloads\\videoPlayer-main\\videoPlayer-main\\entry\\build\\default\\intermediates\\merge_profile\\default\\module.json","type":"file","isSymbolicLink":false,"fileMetaData":{"size":1301,"lastModifiedTime":1736755286363}},"C:\\Users\\29652\\Downloads\\videoPlayer-main\\videoPlayer-main\\entry\\build\\default\\generated\\profile\\default\\BuildProfile.ets":{"hashValue":"7d4da9bfcfd85ff1aae8ba3959da3e0a","name":"BuildProfile.ets","path":"C:\\Users\\29652\\Downloads\\videoPlayer-main\\videoPlayer-main\\entry\\build\\default\\generated\\profile\\default\\BuildProfile.ets","type":"file","isSymbolicLink":false,"fileMetaData":{"size":870,"lastModifiedTime":1736755286369}},"C:\\Users\\29652\\Downloads\\videoPlayer-main\\videoPlayer-main\\entry\\build\\default\\outputs\\default\\pack.info":{"hashValue":"9c2b15591f4f535216fc52a4bad7de04","name":"pack.info","path":"C:\\Users\\29652\\Downloads\\videoPlayer-main\\videoPlayer-main\\entry\\build\\default\\outputs\\default\\pack.info","type":"file","isSymbolicLink":false,"fileMetaData":{"size":566,"lastModifiedTime":1734677413035}},"C:\\Users\\29652\\Downloads\\videoPlayer-main\\videoPlayer-main\\entry\\build\\default\\intermediates\\process_profile\\default\\module.json":{"hashValue":"3eae97fce3f4877df43eaddf2122ccd8","name":"module.json","path":"C:\\Users\\29652\\Downloads\\videoPlayer-main\\videoPlayer-main\\entry\\build\\default\\intermediates\\process_profile\\default\\module.json","type":"file","isSymbolicLink":false,"fileMetaData":{"size":1386,"lastModifiedTime":1736755287190}},"D:\\sth you need\\DevEco Studio\\sdk\\default\\openharmony\\toolchains\\syscap_tool.exe":{"hashValue":"5a189989e7bc59aed7a2a11923235742","name":"syscap_tool.exe","path":"D:\\sth you need\\DevEco Studio\\sdk\\default\\openharmony\\toolchains\\syscap_tool.exe","type":"file","isSymbolicLink":false,"fileMetaData":{"size":345088,"lastModifiedTime":1728336217000}},"D:\\sth you need\\DevEco Studio\\sdk\\default\\openharmony\\ets\\api\\device-define":{"hashValue":"91804b42cd6382c634c6ab84d95f0d2b","name":"device-define","path":"D:\\sth you need\\DevEco Studio\\sdk\\default\\openharmony\\ets\\api\\device-define","type":"directory","isSymbolicLink":false,"children":[{"hashValue":"25340e450fce28f6d25f73de6c406036","name":"default.json","path":"D:\\sth you need\\DevEco Studio\\sdk\\default\\openharmony\\ets\\api\\device-define\\default.json","type":"file","isSymbolicLink":false,"fileMetaData":{"size":12253,"lastModifiedTime":1728336217000}},{"hashValue":"050ed644ec13b3785d5b35d10d5a22ec","name":"liteWearable.json","path":"D:\\sth you need\\DevEco Studio\\sdk\\default\\openharmony\\ets\\api\\device-define\\liteWearable.json","type":"file","isSymbolicLink":false,"fileMetaData":{"size":883,"lastModifiedTime":1728336217000}},{"hashValue":"689af9334abd4e8faf89bc3f2b6e4d2c","name":"tablet.json","path":"D:\\sth you need\\DevEco Studio\\sdk\\default\\openharmony\\ets\\api\\device-define\\tablet.json","type":"file","isSymbolicLink":false,"fileMetaData":{"size":11820,"lastModifiedTime":1728336217000}}]},"C:\\Users\\29652\\Downloads\\videoPlayer-main\\videoPlayer-main\\oh-package.json5":{"hashValue":"c18bfcb3394adaafd3d8e19cdac4251d","name":"oh-package.json5","path":"C:\\Users\\29652\\Downloads\\videoPlayer-main\\videoPlayer-main\\oh-package.json5","type":"file","isSymbolicLink":false,"fileMetaData":{"size":276,"lastModifiedTime":1734677307596}},"C:\\Users\\29652\\Downloads\\videoPlayer-main\\videoPlayer-main\\entry\\build\\default\\intermediates\\router_map\\default\\temp-router-map.json":{"hashValue":"b11dae80371575c182af3940e82d2da5","name":"temp-router-map.json","path":"C:\\Users\\29652\\Downloads\\videoPlayer-main\\videoPlayer-main\\entry\\build\\default\\intermediates\\router_map\\default\\temp-router-map.json","type":"file","isSymbolicLink":false,"fileMetaData":{"size":16,"lastModifiedTime":1736755287199}},"C:\\Users\\29652\\Downloads\\videoPlayer-main\\videoPlayer-main\\entry\\build\\default\\intermediates\\router_map\\default\\loader-router-map.json":{"hashValue":"5bb36dd46e10f8445f5783df744b6bd7","name":"loader-router-map.json","path":"C:\\Users\\29652\\Downloads\\videoPlayer-main\\videoPlayer-main\\entry\\build\\default\\intermediates\\router_map\\default\\loader-router-map.json","type":"file","isSymbolicLink":false,"fileMetaData":{"size":16,"lastModifiedTime":1736755287199}},"C:\\Users\\29652\\Downloads\\videoPlayer-main\\videoPlayer-main\\entry\\build\\default\\intermediates\\res\\default\\resConfig.json":{"hashValue":"82899f3e2fb1429020c664e05e84d364","name":"resConfig.json","path":"C:\\Users\\29652\\Downloads\\videoPlayer-main\\videoPlayer-main\\entry\\build\\default\\intermediates\\res\\default\\resConfig.json","type":"file","isSymbolicLink":false,"fileMetaData":{"size":1299,"lastModifiedTime":1734677416182}},"C:\\Users\\29652\\Downloads\\videoPlayer-main\\videoPlayer-main\\entry\\build\\default\\intermediates\\res\\default\\opt-compression.json":{"hashValue":"1e18e31b90f6ba29848655007fbf11cc","name":"opt-compression.json","path":"C:\\Users\\29652\\Downloads\\videoPlayer-main\\videoPlayer-main\\entry\\build\\default\\intermediates\\res\\default\\opt-compression.json","type":"file","isSymbolicLink":false,"fileMetaData":{"size":186,"lastModifiedTime":1734677416181}},"C:\\Users\\29652\\Downloads\\videoPlayer-main\\videoPlayer-main\\entry\\build\\default\\intermediates\\loader\\default\\loader.json":{"hashValue":"2809b0fa4cd0a38acfc27df2482ecaf2","name":"loader.json","path":"C:\\Users\\29652\\Downloads\\videoPlayer-main\\videoPlayer-main\\entry\\build\\default\\intermediates\\loader\\default\\loader.json","type":"file","isSymbolicLink":false,"fileMetaData":{"size":1044,"lastModifiedTime":1736755287219}},"C:\\Users\\29652\\Downloads\\videoPlayer-main\\videoPlayer-main\\entry\\build\\default\\intermediates\\libs\\default":{"hashValue":"","name":"default","path":"C:\\Users\\29652\\Downloads\\videoPlayer-main\\videoPlayer-main\\entry\\build\\default\\intermediates\\libs\\default","type":"directory","isSymbolicLink":false,"children":[]},"C:\\Users\\29652\\Downloads\\videoPlayer-main\\videoPlayer-main\\entry\\src\\main\\resources":{"hashValue":"bf92ae5f1cf2b0a2d02b48572a9495de","name":"resources","path":"C:\\Users\\29652\\Downloads\\videoPlayer-main\\videoPlayer-main\\entry\\src\\main\\resources","type":"directory","isSymbolicLink":false,"children":[{"hashValue":"b25cc112283195e0a26275b06fc864e8","name":"base","path":"C:\\Users\\29652\\Downloads\\videoPlayer-main\\videoPlayer-main\\entry\\src\\main\\resources\\base","type":"directory","isSymbolicLink":false,"children":[{"hashValue":"b75dd3d08ef6cf5f8aff3f854cbe129b","name":"element","path":"C:\\Users\\29652\\Downloads\\videoPlayer-main\\videoPlayer-main\\entry\\src\\main\\resources\\base\\element","type":"directory","isSymbolicLink":false,"children":[{"hashValue":"b3d8b2a62ec173f9543bd65b2f027537","name":"color.json","path":"C:\\Users\\29652\\Downloads\\videoPlayer-main\\videoPlayer-main\\entry\\src\\main\\resources\\base\\element\\color.json","type":"file","isSymbolicLink":false,"fileMetaData":{"size":105,"lastModifiedTime":1734677308199}},{"hashValue":"2e060e7a4b82c5f4678acb79d70a2a83","name":"string.json","path":"C:\\Users\\29652\\Downloads\\videoPlayer-main\\videoPlayer-main\\entry\\src\\main\\resources\\base\\element\\string.json","type":"file","isSymbolicLink":false,"fileMetaData":{"size":306,"lastModifiedTime":1734677308210}}]},{"hashValue":"31053c8bd01bb5a7b2f736d555217502","name":"media","path":"C:\\Users\\29652\\Downloads\\videoPlayer-main\\videoPlayer-main\\entry\\src\\main\\resources\\base\\media","type":"directory","isSymbolicLink":false,"children":[{"hashValue":"b2b1eec6df3b7a03ea77f64e75d54ec6","name":"banner1.png","path":"C:\\Users\\29652\\Downloads\\videoPlayer-main\\videoPlayer-main\\entry\\src\\main\\resources\\base\\media\\banner1.png","type":"file","isSymbolicLink":false,"fileMetaData":{"size":31635,"lastModifiedTime":1734677308240}},{"hashValue":"5fe5bd2242ed7e5c10b0faf4c04635f7","name":"banner2.png","path":"C:\\Users\\29652\\Downloads\\videoPlayer-main\\videoPlayer-main\\entry\\src\\main\\resources\\base\\media\\banner2.png","type":"file","isSymbolicLink":false,"fileMetaData":{"size":29203,"lastModifiedTime":1734677308253}},{"hashValue":"4b97f967c58edc86786e2805d4481dde","name":"banner3.png","path":"C:\\Users\\29652\\Downloads\\videoPlayer-main\\videoPlayer-main\\entry\\src\\main\\resources\\base\\media\\banner3.png","type":"file","isSymbolicLink":false,"fileMetaData":{"size":41388,"lastModifiedTime":1734677308264}},{"hashValue":"0da1418a2dc2965970d2297f26a2b5f2","name":"food1.png","path":"C:\\Users\\29652\\Downloads\\videoPlayer-main\\videoPlayer-main\\entry\\src\\main\\resources\\base\\media\\food1.png","type":"file","isSymbolicLink":false,"fileMetaData":{"size":61314,"lastModifiedTime":1736730246000}},{"hashValue":"cc9d9c78f4d10a5ec0e673ec1d4d2675","name":"game.png","path":"C:\\Users\\29652\\Downloads\\videoPlayer-main\\videoPlayer-main\\entry\\src\\main\\resources\\base\\media\\game.png","type":"file","isSymbolicLink":false,"fileMetaData":{"size":99819,"lastModifiedTime":1736730246000}},{"hashValue":"ca48dd67dfcec32915b28cbb5da9f9da","name":"ic_cd.png","path":"C:\\Users\\29652\\Downloads\\videoPlayer-main\\videoPlayer-main\\entry\\src\\main\\resources\\base\\media\\ic_cd.png","type":"file","isSymbolicLink":false,"fileMetaData":{"size":26788,"lastModifiedTime":1734677308277}},{"hashValue":"684c5e94a1c5420cf06c49840dfdd318","name":"ic_stylus.png","path":"C:\\Users\\29652\\Downloads\\videoPlayer-main\\videoPlayer-main\\entry\\src\\main\\resources\\base\\media\\ic_stylus.png","type":"file","isSymbolicLink":false,"fileMetaData":{"size":55484,"lastModifiedTime":1734677308290}},{"hashValue":"a819e6d245cc3a776c268c9931246d31","name":"icon.png","path":"C:\\Users\\29652\\Downloads\\videoPlayer-main\\videoPlayer-main\\entry\\src\\main\\resources\\base\\media\\icon.png","type":"file","isSymbolicLink":false,"fileMetaData":{"size":6045,"lastModifiedTime":1734677308303}},{"hashValue":"bd05a82e28009a069d585e8b14af668f","name":"joker.png","path":"C:\\Users\\29652\\Downloads\\videoPlayer-main\\videoPlayer-main\\entry\\src\\main\\resources\\base\\media\\joker.png","type":"file","isSymbolicLink":false,"fileMetaData":{"size":42745,"lastModifiedTime":1736730246000}},{"hashValue":"8e5ff87f5b3bb2cc407a4d1f5f4a98b4","name":"live.png","path":"C:\\Users\\29652\\Downloads\\videoPlayer-main\\videoPlayer-main\\entry\\src\\main\\resources\\base\\media\\live.png","type":"file","isSymbolicLink":false,"fileMetaData":{"size":35520,"lastModifiedTime":1736730246000}},{"hashValue":"b6f7dfadaebc99e8f22b1202a23e0133","name":"preview.png","path":"C:\\Users\\29652\\Downloads\\videoPlayer-main\\videoPlayer-main\\entry\\src\\main\\resources\\base\\media\\preview.png","type":"file","isSymbolicLink":false,"fileMetaData":{"size":8150,"lastModifiedTime":1734677308315}},{"hashValue":"e831f49249998b8f9ab3df4c54c452af","name":"user.png","path":"C:\\Users\\29652\\Downloads\\videoPlayer-main\\videoPlayer-main\\entry\\src\\main\\resources\\base\\media\\user.png","type":"file","isSymbolicLink":false,"fileMetaData":{"size":23740,"lastModifiedTime":1736759407109}}]},{"hashValue":"cf5b3078419b6ecb59958b334b19d965","name":"profile","path":"C:\\Users\\29652\\Downloads\\videoPlayer-main\\videoPlayer-main\\entry\\src\\main\\resources\\base\\profile","type":"directory","isSymbolicLink":false,"children":[{"hashValue":"4f3e926a540fb34ac477e613da99bf7c","name":"main_pages.json","path":"C:\\Users\\29652\\Downloads\\videoPlayer-main\\videoPlayer-main\\entry\\src\\main\\resources\\base\\profile\\main_pages.json","type":"file","isSymbolicLink":false,"fileMetaData":{"size":86,"lastModifiedTime":1734677308331}}]}]},{"hashValue":"472dd1152872223c4c64595bd682cf0b","name":"en_US","path":"C:\\Users\\29652\\Downloads\\videoPlayer-main\\videoPlayer-main\\entry\\src\\main\\resources\\en_US","type":"directory","isSymbolicLink":false,"children":[{"hashValue":"92c56fa59edc0c6ca677166009add70e","name":"element","path":"C:\\Users\\29652\\Downloads\\videoPlayer-main\\videoPlayer-main\\entry\\src\\main\\resources\\en_US\\element","type":"directory","isSymbolicLink":false,"children":[{"hashValue":"813096908852a36384aaf7562378ff4c","name":"string.json","path":"C:\\Users\\29652\\Downloads\\videoPlayer-main\\videoPlayer-main\\entry\\src\\main\\resources\\en_US\\element\\string.json","type":"file","isSymbolicLink":false,"fileMetaData":{"size":247,"lastModifiedTime":1734677308350}}]}]},{"hashValue":"a389f8ac3a7b60708fa9bfa321335337","name":"zh_CN","path":"C:\\Users\\29652\\Downloads\\videoPlayer-main\\videoPlayer-main\\entry\\src\\main\\resources\\zh_CN","type":"directory","isSymbolicLink":false,"children":[{"hashValue":"fa32b28e018c6dfa848080c1bb5b0f92","name":"element","path":"C:\\Users\\29652\\Downloads\\videoPlayer-main\\videoPlayer-main\\entry\\src\\main\\resources\\zh_CN\\element","type":"directory","isSymbolicLink":false,"children":[{"hashValue":"fe871e7c9bb386f2adda0e4abaab91e1","name":"string.json","path":"C:\\Users\\29652\\Downloads\\videoPlayer-main\\videoPlayer-main\\entry\\src\\main\\resources\\zh_CN\\element\\string.json","type":"file","isSymbolicLink":false,"fileMetaData":{"size":241,"lastModifiedTime":1734677308368}}]}]}]},"C:\\Users\\29652\\Downloads\\videoPlayer-main\\videoPlayer-main\\AppScope\\resources":{"hashValue":"a7d9afc730b89f931242fdef809919b2","name":"resources","path":"C:\\Users\\29652\\Downloads\\videoPlayer-main\\videoPlayer-main\\AppScope\\resources","type":"directory","isSymbolicLink":false,"children":[{"hashValue":"ebdab1487e330191e0c48bb614b3292d","name":"base","path":"C:\\Users\\29652\\Downloads\\videoPlayer-main\\videoPlayer-main\\AppScope\\resources\\base","type":"directory","isSymbolicLink":false,"children":[{"hashValue":"2ea4115fb8be1546dcae2c81aace2bc4","name":"element","path":"C:\\Users\\29652\\Downloads\\videoPlayer-main\\videoPlayer-main\\AppScope\\resources\\base\\element","type":"directory","isSymbolicLink":false,"children":[{"hashValue":"0b135d08b4146af7868ba4eb1e29978b","name":"string.json","path":"C:\\Users\\29652\\Downloads\\videoPlayer-main\\videoPlayer-main\\AppScope\\resources\\base\\element\\string.json","type":"file","isSymbolicLink":false,"fileMetaData":{"size":97,"lastModifiedTime":1734677307653}}]},{"hashValue":"ea0c7fa19dfd7e62ddfa86860e3b2194","name":"media","path":"C:\\Users\\29652\\Downloads\\videoPlayer-main\\videoPlayer-main\\AppScope\\resources\\base\\media","type":"directory","isSymbolicLink":false,"children":[{"hashValue":"6b8abc97db16558e55d7bb66e85e15f0","name":"app_icon.png","path":"C:\\Users\\29652\\Downloads\\videoPlayer-main\\videoPlayer-main\\AppScope\\resources\\base\\media\\app_icon.png","type":"file","isSymbolicLink":false,"fileMetaData":{"size":6045,"lastModifiedTime":1734677307679}}]}]}]},"C:\\Users\\29652\\Downloads\\videoPlayer-main\\videoPlayer-main\\entry\\build\\default\\intermediates\\res\\default":{"hashValue":"9c4b4c0b04ee1cc4886c960671f85516","name":"default","path":"C:\\Users\\29652\\Downloads\\videoPlayer-main\\videoPlayer-main\\entry\\build\\default\\intermediates\\res\\default","type":"directory","isSymbolicLink":false,"children":[{"hashValue":"88338516c019c1e66455e75ea2a8f10e","name":"ids_map","path":"C:\\Users\\29652\\Downloads\\videoPlayer-main\\videoPlayer-main\\entry\\build\\default\\intermediates\\res\\default\\ids_map","type":"directory","isSymbolicLink":false,"children":[{"hashValue":"fa384cfdc6e9441e98b46620d677024d","name":"id_defined.json","path":"C:\\Users\\29652\\Downloads\\videoPlayer-main\\videoPlayer-main\\entry\\build\\default\\intermediates\\res\\default\\ids_map\\id_defined.json","type":"file","isSymbolicLink":false,"fileMetaData":{"size":1470,"lastModifiedTime":1736759487377}}]},{"hashValue":"b441ad8c56fb7d9a76045c81e13598c4","name":"module.json","path":"C:\\Users\\29652\\Downloads\\videoPlayer-main\\videoPlayer-main\\entry\\build\\default\\intermediates\\res\\default\\module.json","type":"file","isSymbolicLink":false,"fileMetaData":{"size":1550,"lastModifiedTime":1736759487376}},{"hashValue":"1e18e31b90f6ba29848655007fbf11cc","name":"opt-compression.json","path":"C:\\Users\\29652\\Downloads\\videoPlayer-main\\videoPlayer-main\\entry\\build\\default\\intermediates\\res\\default\\opt-compression.json","type":"file","isSymbolicLink":false,"fileMetaData":{"size":186,"lastModifiedTime":1734677416181}},{"hashValue":"82899f3e2fb1429020c664e05e84d364","name":"resConfig.json","path":"C:\\Users\\29652\\Downloads\\videoPlayer-main\\videoPlayer-main\\entry\\build\\default\\intermediates\\res\\default\\resConfig.json","type":"file","isSymbolicLink":false,"fileMetaData":{"size":1299,"lastModifiedTime":1734677416182}},{"hashValue":"48a3abea824eec11b701a8418de4eb87","name":"resources","path":"C:\\Users\\29652\\Downloads\\videoPlayer-main\\videoPlayer-main\\entry\\build\\default\\intermediates\\res\\default\\resources","type":"directory","isSymbolicLink":false,"children":[{"hashValue":"c5498ad130944e3c81dd3d78f52acb2a","name":"base","path":"C:\\Users\\29652\\Downloads\\videoPlayer-main\\videoPlayer-main\\entry\\build\\default\\intermediates\\res\\default\\resources\\base","type":"directory","isSymbolicLink":false,"children":[{"hashValue":"c892558383d48f9d3d746ae7d87a3797","name":"media","path":"C:\\Users\\29652\\Downloads\\videoPlayer-main\\videoPlayer-main\\entry\\build\\default\\intermediates\\res\\default\\resources\\base\\media","type":"directory","isSymbolicLink":false,"children":[{"hashValue":"6b8abc97db16558e55d7bb66e85e15f0","name":"app_icon.png","path":"C:\\Users\\29652\\Downloads\\videoPlayer-main\\videoPlayer-main\\entry\\build\\default\\intermediates\\res\\default\\resources\\base\\media\\app_icon.png","type":"file","isSymbolicLink":false,"fileMetaData":{"size":6045,"lastModifiedTime":1734677307679}},{"hashValue":"b2b1eec6df3b7a03ea77f64e75d54ec6","name":"banner1.png","path":"C:\\Users\\29652\\Downloads\\videoPlayer-main\\videoPlayer-main\\entry\\build\\default\\intermediates\\res\\default\\resources\\base\\media\\banner1.png","type":"file","isSymbolicLink":false,"fileMetaData":{"size":31635,"lastModifiedTime":1734677308240}},{"hashValue":"5fe5bd2242ed7e5c10b0faf4c04635f7","name":"banner2.png","path":"C:\\Users\\29652\\Downloads\\videoPlayer-main\\videoPlayer-main\\entry\\build\\default\\intermediates\\res\\default\\resources\\base\\media\\banner2.png","type":"file","isSymbolicLink":false,"fileMetaData":{"size":29203,"lastModifiedTime":1734677308253}},{"hashValue":"4b97f967c58edc86786e2805d4481dde","name":"banner3.png","path":"C:\\Users\\29652\\Downloads\\videoPlayer-main\\videoPlayer-main\\entry\\build\\default\\intermediates\\res\\default\\resources\\base\\media\\banner3.png","type":"file","isSymbolicLink":false,"fileMetaData":{"size":41388,"lastModifiedTime":1734677308264}},{"hashValue":"0da1418a2dc2965970d2297f26a2b5f2","name":"food1.png","path":"C:\\Users\\29652\\Downloads\\videoPlayer-main\\videoPlayer-main\\entry\\build\\default\\intermediates\\res\\default\\resources\\base\\media\\food1.png","type":"file","isSymbolicLink":false,"fileMetaData":{"size":61314,"lastModifiedTime":1736730246000}},{"hashValue":"cc9d9c78f4d10a5ec0e673ec1d4d2675","name":"game.png","path":"C:\\Users\\29652\\Downloads\\videoPlayer-main\\videoPlayer-main\\entry\\build\\default\\intermediates\\res\\default\\resources\\base\\media\\game.png","type":"file","isSymbolicLink":false,"fileMetaData":{"size":99819,"lastModifiedTime":1736730246000}},{"hashValue":"ca48dd67dfcec32915b28cbb5da9f9da","name":"ic_cd.png","path":"C:\\Users\\29652\\Downloads\\videoPlayer-main\\videoPlayer-main\\entry\\build\\default\\intermediates\\res\\default\\resources\\base\\media\\ic_cd.png","type":"file","isSymbolicLink":false,"fileMetaData":{"size":26788,"lastModifiedTime":1734677308277}},{"hashValue":"684c5e94a1c5420cf06c49840dfdd318","name":"ic_stylus.png","path":"C:\\Users\\29652\\Downloads\\videoPlayer-main\\videoPlayer-main\\entry\\build\\default\\intermediates\\res\\default\\resources\\base\\media\\ic_stylus.png","type":"file","isSymbolicLink":false,"fileMetaData":{"size":55484,"lastModifiedTime":1734677308290}},{"hashValue":"a819e6d245cc3a776c268c9931246d31","name":"icon.png","path":"C:\\Users\\29652\\Downloads\\videoPlayer-main\\videoPlayer-main\\entry\\build\\default\\intermediates\\res\\default\\resources\\base\\media\\icon.png","type":"file","isSymbolicLink":false,"fileMetaData":{"size":6045,"lastModifiedTime":1734677308303}},{"hashValue":"bd05a82e28009a069d585e8b14af668f","name":"joker.png","path":"C:\\Users\\29652\\Downloads\\videoPlayer-main\\videoPlayer-main\\entry\\build\\default\\intermediates\\res\\default\\resources\\base\\media\\joker.png","type":"file","isSymbolicLink":false,"fileMetaData":{"size":42745,"lastModifiedTime":1736730246000}},{"hashValue":"8e5ff87f5b3bb2cc407a4d1f5f4a98b4","name":"live.png","path":"C:\\Users\\29652\\Downloads\\videoPlayer-main\\videoPlayer-main\\entry\\build\\default\\intermediates\\res\\default\\resources\\base\\media\\live.png","type":"file","isSymbolicLink":false,"fileMetaData":{"size":35520,"lastModifiedTime":1736730246000}},{"hashValue":"b6f7dfadaebc99e8f22b1202a23e0133","name":"preview.png","path":"C:\\Users\\29652\\Downloads\\videoPlayer-main\\videoPlayer-main\\entry\\build\\default\\intermediates\\res\\default\\resources\\base\\media\\preview.png","type":"file","isSymbolicLink":false,"fileMetaData":{"size":8150,"lastModifiedTime":1734677308315}},{"hashValue":"e831f49249998b8f9ab3df4c54c452af","name":"user.png","path":"C:\\Users\\29652\\Downloads\\videoPlayer-main\\videoPlayer-main\\entry\\build\\default\\intermediates\\res\\default\\resources\\base\\media\\user.png","type":"file","isSymbolicLink":false,"fileMetaData":{"size":23740,"lastModifiedTime":1736759407109}}]},{"hashValue":"cf5b3078419b6ecb59958b334b19d965","name":"profile","path":"C:\\Users\\29652\\Downloads\\videoPlayer-main\\videoPlayer-main\\entry\\build\\default\\intermediates\\res\\default\\resources\\base\\profile","type":"directory","isSymbolicLink":false,"children":[{"hashValue":"4f3e926a540fb34ac477e613da99bf7c","name":"main_pages.json","path":"C:\\Users\\29652\\Downloads\\videoPlayer-main\\videoPlayer-main\\entry\\build\\default\\intermediates\\res\\default\\resources\\base\\profile\\main_pages.json","type":"file","isSymbolicLink":false,"fileMetaData":{"size":86,"lastModifiedTime":1734677308331}}]}]}]},{"hashValue":"19caeba199f44a5d670dadb52675d228","name":"resources.index","path":"C:\\Users\\29652\\Downloads\\videoPlayer-main\\videoPlayer-main\\entry\\build\\default\\intermediates\\res\\default\\resources.index","type":"file","isSymbolicLink":false,"fileMetaData":{"size":1806,"lastModifiedTime":1736759487377}},{"hashValue":"5eb4c4916d87409afd8199fa8b369057","name":"ResourceTable.txt","path":"C:\\Users\\29652\\Downloads\\videoPlayer-main\\videoPlayer-main\\entry\\build\\default\\intermediates\\res\\default\\ResourceTable.txt","type":"file","isSymbolicLink":false,"fileMetaData":{"size":534,"lastModifiedTime":1736759487376}}]},"C:\\Users\\29652\\Downloads\\videoPlayer-main\\videoPlayer-main\\entry\\build\\default\\generated\\r\\default\\ResourceTable.h":{"hashValue":"6118f47184e0cb4c7b2f218f6d287278","name":"ResourceTable.h","path":"C:\\Users\\29652\\Downloads\\videoPlayer-main\\videoPlayer-main\\entry\\build\\default\\generated\\r\\default\\ResourceTable.h","type":"file","isSymbolicLink":false,"fileMetaData":{"size":1580,"lastModifiedTime":1736759487376}},"C:\\Users\\29652\\Downloads\\videoPlayer-main\\videoPlayer-main\\entry\\build\\default\\generated\\r\\default":{"hashValue":"3c7d2c76de1af26482bfcc7c2b8c1c73","name":"default","path":"C:\\Users\\29652\\Downloads\\videoPlayer-main\\videoPlayer-main\\entry\\build\\default\\generated\\r\\default","type":"directory","isSymbolicLink":false,"children":[{"hashValue":"6118f47184e0cb4c7b2f218f6d287278","name":"ResourceTable.h","path":"C:\\Users\\29652\\Downloads\\videoPlayer-main\\videoPlayer-main\\entry\\build\\default\\generated\\r\\default\\ResourceTable.h","type":"file","isSymbolicLink":false,"fileMetaData":{"size":1580,"lastModifiedTime":1736759487376}}]},"C:\\Users\\29652\\Downloads\\videoPlayer-main\\videoPlayer-main\\entry\\build\\default\\intermediates\\loader\\default":{"hashValue":"158edb0c54a1f2f081bf1aadfbd0c942","name":"default","path":"C:\\Users\\29652\\Downloads\\videoPlayer-main\\videoPlayer-main\\entry\\build\\default\\intermediates\\loader\\default","type":"directory","isSymbolicLink":false,"children":[{"hashValue":"2809b0fa4cd0a38acfc27df2482ecaf2","name":"loader.json","path":"C:\\Users\\29652\\Downloads\\videoPlayer-main\\videoPlayer-main\\entry\\build\\default\\intermediates\\loader\\default\\loader.json","type":"file","isSymbolicLink":false,"fileMetaData":{"size":1044,"lastModifiedTime":1736755287219}}]},"C:\\Users\\29652\\Downloads\\videoPlayer-main\\videoPlayer-main\\entry\\build\\default\\intermediates\\res\\default\\ResourceTable.txt":{"hashValue":"5eb4c4916d87409afd8199fa8b369057","name":"ResourceTable.txt","path":"C:\\Users\\29652\\Downloads\\videoPlayer-main\\videoPlayer-main\\entry\\build\\default\\intermediates\\res\\default\\ResourceTable.txt","type":"file","isSymbolicLink":false,"fileMetaData":{"size":534,"lastModifiedTime":1736759487376}},"C:\\Users\\29652\\Downloads\\videoPlayer-main\\videoPlayer-main\\entry\\build\\default\\intermediates\\res\\default\\module.json":{"hashValue":"b441ad8c56fb7d9a76045c81e13598c4","name":"module.json","path":"C:\\Users\\29652\\Downloads\\videoPlayer-main\\videoPlayer-main\\entry\\build\\default\\intermediates\\res\\default\\module.json","type":"file","isSymbolicLink":false,"fileMetaData":{"size":1550,"lastModifiedTime":1736759487376}},"C:\\Users\\29652\\Downloads\\videoPlayer-main\\videoPlayer-main\\entry\\build\\default\\intermediates\\res\\default\\resources\\base\\profile":{"hashValue":"cf5b3078419b6ecb59958b334b19d965","name":"profile","path":"C:\\Users\\29652\\Downloads\\videoPlayer-main\\videoPlayer-main\\entry\\build\\default\\intermediates\\res\\default\\resources\\base\\profile","type":"directory","isSymbolicLink":false,"children":[{"hashValue":"4f3e926a540fb34ac477e613da99bf7c","name":"main_pages.json","path":"C:\\Users\\29652\\Downloads\\videoPlayer-main\\videoPlayer-main\\entry\\build\\default\\intermediates\\res\\default\\resources\\base\\profile\\main_pages.json","type":"file","isSymbolicLink":false,"fileMetaData":{"size":86,"lastModifiedTime":1734677308331}}]},"C:\\Users\\29652\\Downloads\\videoPlayer-main\\videoPlayer-main\\entry\\src\\main\\ets":{"hashValue":"35adaa8b353a8e13efe452517da43a02","name":"ets","path":"C:\\Users\\29652\\Downloads\\videoPlayer-main\\videoPlayer-main\\entry\\src\\main\\ets","type":"directory","isSymbolicLink":false,"children":[{"hashValue":"d8561aa6b31ea2a4c2250ccc0e03cced","name":"entryability","path":"C:\\Users\\29652\\Downloads\\videoPlayer-main\\videoPlayer-main\\entry\\src\\main\\ets\\entryability","type":"directory","isSymbolicLink":false,"children":[{"hashValue":"10aaf2751bc49b25ff24325c236bea91","name":"EntryAbility.ts","path":"C:\\Users\\29652\\Downloads\\videoPlayer-main\\videoPlayer-main\\entry\\src\\main\\ets\\entryability\\EntryAbility.ts","type":"file","isSymbolicLink":false,"fileMetaData":{"size":1420,"lastModifiedTime":1734677307780}}]},{"hashValue":"d81b09882ceb2b969e348f4779e5a621","name":"fonts","path":"C:\\Users\\29652\\Downloads\\videoPlayer-main\\videoPlayer-main\\entry\\src\\main\\ets\\fonts","type":"directory","isSymbolicLink":false,"children":[{"hashValue":"019b254efed4f7869ce657ff4923ec2f","name":"iconfont.json","path":"C:\\Users\\29652\\Downloads\\videoPlayer-main\\videoPlayer-main\\entry\\src\\main\\ets\\fonts\\iconfont.json","type":"file","isSymbolicLink":false,"fileMetaData":{"size":11538,"lastModifiedTime":1734677307800}},{"hashValue":"c991218ddb39a3b748a5ca50348c3dff","name":"iconfont.ttf","path":"C:\\Users\\29652\\Downloads\\videoPlayer-main\\videoPlayer-main\\entry\\src\\main\\ets\\fonts\\iconfont.ttf","type":"file","isSymbolicLink":false,"fileMetaData":{"size":20592,"lastModifiedTime":1734677307818}}]},{"hashValue":"2f016ff617aa4163426447b9a6c22943","name":"model","path":"C:\\Users\\29652\\Downloads\\videoPlayer-main\\videoPlayer-main\\entry\\src\\main\\ets\\model","type":"directory","isSymbolicLink":false,"children":[{"hashValue":"61b5103b6c7471c3d38eecb6006ee4cc","name":"VideoController.ets","path":"C:\\Users\\29652\\Downloads\\videoPlayer-main\\videoPlayer-main\\entry\\src\\main\\ets\\model\\VideoController.ets","type":"file","isSymbolicLink":false,"fileMetaData":{"size":431,"lastModifiedTime":1734677307846}}]},{"hashValue":"f7c64df767ba6f71581f3d5c060404ba","name":"pages","path":"C:\\Users\\29652\\Downloads\\videoPlayer-main\\videoPlayer-main\\entry\\src\\main\\ets\\pages","type":"directory","isSymbolicLink":false,"children":[{"hashValue":"132270b74c16c99ead3408665b2b6ddb","name":"HomePage.ets","path":"C:\\Users\\29652\\Downloads\\videoPlayer-main\\videoPlayer-main\\entry\\src\\main\\ets\\pages\\HomePage.ets","type":"file","isSymbolicLink":false,"fileMetaData":{"size":3879,"lastModifiedTime":1736761023182}},{"hashValue":"94bcb29e0904c702bd02ee1f37497e53","name":"musicPage.ets","path":"C:\\Users\\29652\\Downloads\\videoPlayer-main\\videoPlayer-main\\entry\\src\\main\\ets\\pages\\musicPage.ets","type":"file","isSymbolicLink":false,"fileMetaData":{"size":2126,"lastModifiedTime":1734677307888}},{"hashValue":"d0293046cd539d1eebc2f403ef8ada86","name":"videoPage.ets","path":"C:\\Users\\29652\\Downloads\\videoPlayer-main\\videoPlayer-main\\entry\\src\\main\\ets\\pages\\videoPage.ets","type":"file","isSymbolicLink":false,"fileMetaData":{"size":2151,"lastModifiedTime":1734677307905}}]},{"hashValue":"77f81856cf6af37d79c9dc6dfe7f5cf0","name":"view","path":"C:\\Users\\29652\\Downloads\\videoPlayer-main\\videoPlayer-main\\entry\\src\\main\\ets\\view","type":"directory","isSymbolicLink":false,"children":[{"hashValue":"df3051a63f79b50be90bd5eee783f729","name":"IndexModule.ets","path":"C:\\Users\\29652\\Downloads\\videoPlayer-main\\videoPlayer-main\\entry\\src\\main\\ets\\view\\IndexModule.ets","type":"file","isSymbolicLink":false,"fileMetaData":{"size":7003,"lastModifiedTime":1736766201464}},{"hashValue":"e74a9875024eb3239aded74200c45e82","name":"IndexSwiper.ets","path":"C:\\Users\\29652\\Downloads\\videoPlayer-main\\videoPlayer-main\\entry\\src\\main\\ets\\view\\IndexSwiper.ets","type":"file","isSymbolicLink":false,"fileMetaData":{"size":1152,"lastModifiedTime":1734677307947}},{"hashValue":"c87dd416abcaa2dacc32a86464db888d","name":"MusicPlayer.ets","path":"C:\\Users\\29652\\Downloads\\videoPlayer-main\\videoPlayer-main\\entry\\src\\main\\ets\\view\\MusicPlayer.ets","type":"file","isSymbolicLink":false,"fileMetaData":{"size":7792,"lastModifiedTime":1734677307979}},{"hashValue":"e92bc33212debc476d8f170e7b9d96aa","name":"MusicPlaySlider.ets","path":"C:\\Users\\29652\\Downloads\\videoPlayer-main\\videoPlayer-main\\entry\\src\\main\\ets\\view\\MusicPlaySlider.ets","type":"file","isSymbolicLink":false,"fileMetaData":{"size":4242,"lastModifiedTime":1734677307964}},{"hashValue":"c1c11d3fac1cb675ebe9e5c9e3131643","name":"test.ets","path":"C:\\Users\\29652\\Downloads\\videoPlayer-main\\videoPlayer-main\\entry\\src\\main\\ets\\view\\test.ets","type":"file","isSymbolicLink":false,"fileMetaData":{"size":2649,"lastModifiedTime":1734677308032}},{"hashValue":"9225a504666c357b72f3f1aab199c0be","name":"VideoPlayer.ets","path":"C:\\Users\\29652\\Downloads\\videoPlayer-main\\videoPlayer-main\\entry\\src\\main\\ets\\view\\VideoPlayer.ets","type":"file","isSymbolicLink":false,"fileMetaData":{"size":3360,"lastModifiedTime":1734677308013}},{"hashValue":"a3913d2ca5181b73b52d9d8acc77281b","name":"VideoPlaySlider.ets","path":"C:\\Users\\29652\\Downloads\\videoPlayer-main\\videoPlayer-main\\entry\\src\\main\\ets\\view\\VideoPlaySlider.ets","type":"file","isSymbolicLink":false,"fileMetaData":{"size":4512,"lastModifiedTime":1734677307996}}]},{"hashValue":"e9149f8441fe235d985c896c83b6ccf6","name":"viewmodel","path":"C:\\Users\\29652\\Downloads\\videoPlayer-main\\videoPlayer-main\\entry\\src\\main\\ets\\viewmodel","type":"directory","isSymbolicLink":false,"children":[{"hashValue":"2122db6e72296c27796667b571b1b5f1","name":"ParamItem.ets","path":"C:\\Users\\29652\\Downloads\\videoPlayer-main\\videoPlayer-main\\entry\\src\\main\\ets\\viewmodel\\ParamItem.ets","type":"file","isSymbolicLink":false,"fileMetaData":{"size":118,"lastModifiedTime":1734677308074}},{"hashValue":"f2f37f30d121815dedc59db3e9b3c07a","name":"SwiperVideoItem.ets","path":"C:\\Users\\29652\\Downloads\\videoPlayer-main\\videoPlayer-main\\entry\\src\\main\\ets\\viewmodel\\SwiperVideoItem.ets","type":"file","isSymbolicLink":false,"fileMetaData":{"size":165,"lastModifiedTime":1734677308095}},{"hashValue":"f68b9445edaefde036830447d54e2ea3","name":"VerticalVideoItem.ets","path":"C:\\Users\\29652\\Downloads\\videoPlayer-main\\videoPlayer-main\\entry\\src\\main\\ets\\viewmodel\\VerticalVideoItem.ets","type":"file","isSymbolicLink":false,"fileMetaData":{"size":433,"lastModifiedTime":1734677308143}},{"hashValue":"2a22b42131f096c6beb14a1fdfd879df","name":"VerticaMusicItem.ets","path":"C:\\Users\\29652\\Downloads\\videoPlayer-main\\videoPlayer-main\\entry\\src\\main\\ets\\viewmodel\\VerticaMusicItem.ets","type":"file","isSymbolicLink":false,"fileMetaData":{"size":435,"lastModifiedTime":1734677308118}},{"hashValue":"eb3cbbb8d009c44a3df2e91f0170b8bc","name":"VideoData.ets","path":"C:\\Users\\29652\\Downloads\\videoPlayer-main\\videoPlayer-main\\entry\\src\\main\\ets\\viewmodel\\VideoData.ets","type":"file","isSymbolicLink":false,"fileMetaData":{"size":2534,"lastModifiedTime":1734677308162}}]}]},"C:\\Users\\29652\\Downloads\\videoPlayer-main\\videoPlayer-main\\entry\\build\\default\\intermediates\\loader_out\\default\\ets":{"hashValue":"d9e66bfa0ca72185f24dac88a3866930","name":"ets","path":"C:\\Users\\29652\\Downloads\\videoPlayer-main\\videoPlayer-main\\entry\\build\\default\\intermediates\\loader_out\\default\\ets","type":"directory","isSymbolicLink":false,"children":[{"hashValue":"d81b09882ceb2b969e348f4779e5a621","name":"fonts","path":"C:\\Users\\29652\\Downloads\\videoPlayer-main\\videoPlayer-main\\entry\\build\\default\\intermediates\\loader_out\\default\\ets\\fonts","type":"directory","isSymbolicLink":false,"children":[{"hashValue":"019b254efed4f7869ce657ff4923ec2f","name":"iconfont.json","path":"C:\\Users\\29652\\Downloads\\videoPlayer-main\\videoPlayer-main\\entry\\build\\default\\intermediates\\loader_out\\default\\ets\\fonts\\iconfont.json","type":"file","isSymbolicLink":false,"fileMetaData":{"size":11538,"lastModifiedTime":1734677307800}},{"hashValue":"c991218ddb39a3b748a5ca50348c3dff","name":"iconfont.ttf","path":"C:\\Users\\29652\\Downloads\\videoPlayer-main\\videoPlayer-main\\entry\\build\\default\\intermediates\\loader_out\\default\\ets\\fonts\\iconfont.ttf","type":"file","isSymbolicLink":false,"fileMetaData":{"size":20592,"lastModifiedTime":1734677307818}}]},{"hashValue":"e98e42c6284d7969c2b890815b6ba57e","name":"modules.abc","path":"C:\\Users\\29652\\Downloads\\videoPlayer-main\\videoPlayer-main\\entry\\build\\default\\intermediates\\loader_out\\default\\ets\\modules.abc","type":"file","isSymbolicLink":false,"fileMetaData":{"size":173360,"lastModifiedTime":1736761942972}},{"hashValue":"f0ec05e2c198d87323dd114277dc12fc","name":"sourceMaps.map","path":"C:\\Users\\29652\\Downloads\\videoPlayer-main\\videoPlayer-main\\entry\\build\\default\\intermediates\\loader_out\\default\\ets\\sourceMaps.map","type":"file","isSymbolicLink":false,"fileMetaData":{"size":46493,"lastModifiedTime":1736761942541}}]},"C:\\Users\\29652\\Downloads\\videoPlayer-main\\videoPlayer-main\\entry\\build\\default\\intermediates\\stripped_native_libs\\default":{"hashValue":"","name":"default","path":"C:\\Users\\29652\\Downloads\\videoPlayer-main\\videoPlayer-main\\entry\\build\\default\\intermediates\\stripped_native_libs\\default","type":"directory","isSymbolicLink":false,"children":[]},"C:\\Users\\29652\\Downloads\\videoPlayer-main\\videoPlayer-main\\entry\\build\\default\\intermediates\\patch\\default\\base_native_libs.json":{"hashValue":"39e4e5014d4b11d69a6e9f20006f7461","name":"base_native_libs.json","path":"C:\\Users\\29652\\Downloads\\videoPlayer-main\\videoPlayer-main\\entry\\build\\default\\intermediates\\patch\\default\\base_native_libs.json","type":"file","isSymbolicLink":false,"fileMetaData":{"size":25,"lastModifiedTime":1734677418395}},"C:\\Users\\29652\\Downloads\\videoPlayer-main\\videoPlayer-main\\entry\\build\\default\\intermediates\\package\\default\\module.json":{"hashValue":"b441ad8c56fb7d9a76045c81e13598c4","name":"module.json","path":"C:\\Users\\29652\\Downloads\\videoPlayer-main\\videoPlayer-main\\entry\\build\\default\\intermediates\\package\\default\\module.json","type":"file","isSymbolicLink":false,"fileMetaData":{"size":1550,"lastModifiedTime":1736759487376}},"C:\\Users\\29652\\Downloads\\videoPlayer-main\\videoPlayer-main\\entry\\build\\default\\intermediates\\res\\default\\resources":{"hashValue":"48a3abea824eec11b701a8418de4eb87","name":"resources","path":"C:\\Users\\29652\\Downloads\\videoPlayer-main\\videoPlayer-main\\entry\\build\\default\\intermediates\\res\\default\\resources","type":"directory","isSymbolicLink":false,"children":[{"hashValue":"c5498ad130944e3c81dd3d78f52acb2a","name":"base","path":"C:\\Users\\29652\\Downloads\\videoPlayer-main\\videoPlayer-main\\entry\\build\\default\\intermediates\\res\\default\\resources\\base","type":"directory","isSymbolicLink":false,"children":[{"hashValue":"c892558383d48f9d3d746ae7d87a3797","name":"media","path":"C:\\Users\\29652\\Downloads\\videoPlayer-main\\videoPlayer-main\\entry\\build\\default\\intermediates\\res\\default\\resources\\base\\media","type":"directory","isSymbolicLink":false,"children":[{"hashValue":"6b8abc97db16558e55d7bb66e85e15f0","name":"app_icon.png","path":"C:\\Users\\29652\\Downloads\\videoPlayer-main\\videoPlayer-main\\entry\\build\\default\\intermediates\\res\\default\\resources\\base\\media\\app_icon.png","type":"file","isSymbolicLink":false,"fileMetaData":{"size":6045,"lastModifiedTime":1734677307679}},{"hashValue":"b2b1eec6df3b7a03ea77f64e75d54ec6","name":"banner1.png","path":"C:\\Users\\29652\\Downloads\\videoPlayer-main\\videoPlayer-main\\entry\\build\\default\\intermediates\\res\\default\\resources\\base\\media\\banner1.png","type":"file","isSymbolicLink":false,"fileMetaData":{"size":31635,"lastModifiedTime":1734677308240}},{"hashValue":"5fe5bd2242ed7e5c10b0faf4c04635f7","name":"banner2.png","path":"C:\\Users\\29652\\Downloads\\videoPlayer-main\\videoPlayer-main\\entry\\build\\default\\intermediates\\res\\default\\resources\\base\\media\\banner2.png","type":"file","isSymbolicLink":false,"fileMetaData":{"size":29203,"lastModifiedTime":1734677308253}},{"hashValue":"4b97f967c58edc86786e2805d4481dde","name":"banner3.png","path":"C:\\Users\\29652\\Downloads\\videoPlayer-main\\videoPlayer-main\\entry\\build\\default\\intermediates\\res\\default\\resources\\base\\media\\banner3.png","type":"file","isSymbolicLink":false,"fileMetaData":{"size":41388,"lastModifiedTime":1734677308264}},{"hashValue":"0da1418a2dc2965970d2297f26a2b5f2","name":"food1.png","path":"C:\\Users\\29652\\Downloads\\videoPlayer-main\\videoPlayer-main\\entry\\build\\default\\intermediates\\res\\default\\resources\\base\\media\\food1.png","type":"file","isSymbolicLink":false,"fileMetaData":{"size":61314,"lastModifiedTime":1736730246000}},{"hashValue":"cc9d9c78f4d10a5ec0e673ec1d4d2675","name":"game.png","path":"C:\\Users\\29652\\Downloads\\videoPlayer-main\\videoPlayer-main\\entry\\build\\default\\intermediates\\res\\default\\resources\\base\\media\\game.png","type":"file","isSymbolicLink":false,"fileMetaData":{"size":99819,"lastModifiedTime":1736730246000}},{"hashValue":"ca48dd67dfcec32915b28cbb5da9f9da","name":"ic_cd.png","path":"C:\\Users\\29652\\Downloads\\videoPlayer-main\\videoPlayer-main\\entry\\build\\default\\intermediates\\res\\default\\resources\\base\\media\\ic_cd.png","type":"file","isSymbolicLink":false,"fileMetaData":{"size":26788,"lastModifiedTime":1734677308277}},{"hashValue":"684c5e94a1c5420cf06c49840dfdd318","name":"ic_stylus.png","path":"C:\\Users\\29652\\Downloads\\videoPlayer-main\\videoPlayer-main\\entry\\build\\default\\intermediates\\res\\default\\resources\\base\\media\\ic_stylus.png","type":"file","isSymbolicLink":false,"fileMetaData":{"size":55484,"lastModifiedTime":1734677308290}},{"hashValue":"a819e6d245cc3a776c268c9931246d31","name":"icon.png","path":"C:\\Users\\29652\\Downloads\\videoPlayer-main\\videoPlayer-main\\entry\\build\\default\\intermediates\\res\\default\\resources\\base\\media\\icon.png","type":"file","isSymbolicLink":false,"fileMetaData":{"size":6045,"lastModifiedTime":1734677308303}},{"hashValue":"bd05a82e28009a069d585e8b14af668f","name":"joker.png","path":"C:\\Users\\29652\\Downloads\\videoPlayer-main\\videoPlayer-main\\entry\\build\\default\\intermediates\\res\\default\\resources\\base\\media\\joker.png","type":"file","isSymbolicLink":false,"fileMetaData":{"size":42745,"lastModifiedTime":1736730246000}},{"hashValue":"8e5ff87f5b3bb2cc407a4d1f5f4a98b4","name":"live.png","path":"C:\\Users\\29652\\Downloads\\videoPlayer-main\\videoPlayer-main\\entry\\build\\default\\intermediates\\res\\default\\resources\\base\\media\\live.png","type":"file","isSymbolicLink":false,"fileMetaData":{"size":35520,"lastModifiedTime":1736730246000}},{"hashValue":"b6f7dfadaebc99e8f22b1202a23e0133","name":"preview.png","path":"C:\\Users\\29652\\Downloads\\videoPlayer-main\\videoPlayer-main\\entry\\build\\default\\intermediates\\res\\default\\resources\\base\\media\\preview.png","type":"file","isSymbolicLink":false,"fileMetaData":{"size":8150,"lastModifiedTime":1734677308315}},{"hashValue":"e831f49249998b8f9ab3df4c54c452af","name":"user.png","path":"C:\\Users\\29652\\Downloads\\videoPlayer-main\\videoPlayer-main\\entry\\build\\default\\intermediates\\res\\default\\resources\\base\\media\\user.png","type":"file","isSymbolicLink":false,"fileMetaData":{"size":23740,"lastModifiedTime":1736759407109}}]},{"hashValue":"cf5b3078419b6ecb59958b334b19d965","name":"profile","path":"C:\\Users\\29652\\Downloads\\videoPlayer-main\\videoPlayer-main\\entry\\build\\default\\intermediates\\res\\default\\resources\\base\\profile","type":"directory","isSymbolicLink":false,"children":[{"hashValue":"4f3e926a540fb34ac477e613da99bf7c","name":"main_pages.json","path":"C:\\Users\\29652\\Downloads\\videoPlayer-main\\videoPlayer-main\\entry\\build\\default\\intermediates\\res\\default\\resources\\base\\profile\\main_pages.json","type":"file","isSymbolicLink":false,"fileMetaData":{"size":86,"lastModifiedTime":1734677308331}}]}]}]},"C:\\Users\\29652\\Downloads\\videoPlayer-main\\videoPlayer-main\\entry\\build\\default\\intermediates\\res\\default\\resources.index":{"hashValue":"19caeba199f44a5d670dadb52675d228","name":"resources.index","path":"C:\\Users\\29652\\Downloads\\videoPlayer-main\\videoPlayer-main\\entry\\build\\default\\intermediates\\res\\default\\resources.index","type":"file","isSymbolicLink":false,"fileMetaData":{"size":1806,"lastModifiedTime":1736759487377}},"C:\\Users\\29652\\Downloads\\videoPlayer-main\\videoPlayer-main\\entry\\build\\default\\outputs\\default\\entry-default-unsigned.hap":{"hashValue":"b42cbfea7bb7319a42bc3b98fa5a6a01","name":"entry-default-unsigned.hap","path":"C:\\Users\\29652\\Downloads\\videoPlayer-main\\videoPlayer-main\\entry\\build\\default\\outputs\\default\\entry-default-unsigned.hap","type":"file","isSymbolicLink":false,"fileMetaData":{"size":722730,"lastModifiedTime":1736761943731}},"C:\\Users\\29652\\Downloads\\videoPlayer-main\\videoPlayer-main\\entry\\build\\default\\outputs\\default\\mapping\\sourceMaps.map":{"hashValue":"f0ec05e2c198d87323dd114277dc12fc","name":"sourceMaps.map","path":"C:\\Users\\29652\\Downloads\\videoPlayer-main\\videoPlayer-main\\entry\\build\\default\\outputs\\default\\mapping\\sourceMaps.map","type":"file","isSymbolicLink":false,"fileMetaData":{"size":46493,"lastModifiedTime":1736761942541}},"C:\\Users\\29652\\Downloads\\videoPlayer-main\\videoPlayer-main\\entry\\.preview\\default\\intermediates\\merge_profile\\default\\module.json":{"hashValue":"9baac7e4a0a204e7c63a586d09303501","name":"module.json","path":"C:\\Users\\29652\\Downloads\\videoPlayer-main\\videoPlayer-main\\entry\\.preview\\default\\intermediates\\merge_profile\\default\\module.json","type":"file","isSymbolicLink":false,"fileMetaData":{"size":1301,"lastModifiedTime":1736762027894}},"C:\\Users\\29652\\Downloads\\videoPlayer-main\\videoPlayer-main\\entry\\.preview\\default\\generated\\profile\\default\\BuildProfile.ets":{"hashValue":"fb38ba4f655911be4bad49aedc74c4d3","name":"BuildProfile.ets","path":"C:\\Users\\29652\\Downloads\\videoPlayer-main\\videoPlayer-main\\entry\\.preview\\default\\generated\\profile\\default\\BuildProfile.ets","type":"file","isSymbolicLink":false,"fileMetaData":{"size":870,"lastModifiedTime":1736762027903}},"C:\\Users\\29652\\Downloads\\videoPlayer-main\\videoPlayer-main\\entry\\.preview\\default\\intermediates\\process_profile\\default\\module.json":{"hashValue":"96fbd5b37e61cc5d48acc52c8a72642f","name":"module.json","path":"C:\\Users\\29652\\Downloads\\videoPlayer-main\\videoPlayer-main\\entry\\.preview\\default\\intermediates\\process_profile\\default\\module.json","type":"file","isSymbolicLink":false,"fileMetaData":{"size":1386,"lastModifiedTime":1736762028605}},"C:\\Users\\29652\\Downloads\\videoPlayer-main\\videoPlayer-main\\entry\\.preview\\default\\intermediates\\router_map\\default\\temp-router-map.json":{"hashValue":"c712cd11932555c5a56c12380defb13c","name":"temp-router-map.json","path":"C:\\Users\\29652\\Downloads\\videoPlayer-main\\videoPlayer-main\\entry\\.preview\\default\\intermediates\\router_map\\default\\temp-router-map.json","type":"file","isSymbolicLink":false,"fileMetaData":{"size":16,"lastModifiedTime":1736762028608}},"C:\\Users\\29652\\Downloads\\videoPlayer-main\\videoPlayer-main\\entry\\.preview\\default\\intermediates\\router_map\\default\\loader-router-map.json":{"hashValue":"74bf0212bd0462d111ca6fb429acc6c2","name":"loader-router-map.json","path":"C:\\Users\\29652\\Downloads\\videoPlayer-main\\videoPlayer-main\\entry\\.preview\\default\\intermediates\\router_map\\default\\loader-router-map.json","type":"file","isSymbolicLink":false,"fileMetaData":{"size":16,"lastModifiedTime":1736762028609}},"C:\\Users\\29652\\Downloads\\videoPlayer-main\\videoPlayer-main\\entry\\.preview\\default\\intermediates\\loader\\default\\loader.json":{"hashValue":"ac63f9a8ebf1a9e09d2a45cf301aeb8c","name":"loader.json","path":"C:\\Users\\29652\\Downloads\\videoPlayer-main\\videoPlayer-main\\entry\\.preview\\default\\intermediates\\loader\\default\\loader.json","type":"file","isSymbolicLink":false,"fileMetaData":{"size":920,"lastModifiedTime":1736762028631}},"C:\\Users\\29652\\Downloads\\videoPlayer-main\\videoPlayer-main\\entry\\.preview\\default\\intermediates\\res\\default":{"hashValue":"82cc769d4fe4bff6f35ea9809f56fc0d","name":"default","path":"C:\\Users\\29652\\Downloads\\videoPlayer-main\\videoPlayer-main\\entry\\.preview\\default\\intermediates\\res\\default","type":"directory","isSymbolicLink":false,"children":[{"hashValue":"c27377f1e8b73e2f3ea2b717773c70d3","name":"app_compiled","path":"C:\\Users\\29652\\Downloads\\videoPlayer-main\\videoPlayer-main\\entry\\.preview\\default\\intermediates\\res\\default\\app_compiled","type":"directory","isSymbolicLink":false,"children":[{"hashValue":"935a66d937d212268011a8e228d6f6e4","name":"5865772404249249567","path":"C:\\Users\\29652\\Downloads\\videoPlayer-main\\videoPlayer-main\\entry\\.preview\\default\\intermediates\\res\\default\\app_compiled\\5865772404249249567","type":"file","isSymbolicLink":false,"fileMetaData":{"size":242,"lastModifiedTime":1736762029002}},{"hashValue":"c8c2c9f804ad9cd576da8b47093b08c7","name":"9353780831008061236","path":"C:\\Users\\29652\\Downloads\\videoPlayer-main\\videoPlayer-main\\entry\\.preview\\default\\intermediates\\res\\default\\app_compiled\\9353780831008061236","type":"file","isSymbolicLink":false,"fileMetaData":{"size":149,"lastModifiedTime":1736762029002}}]},{"hashValue":"e55d7b1e8a73a0cd6b8bbc65b5a6569f","name":"ids_map","path":"C:\\Users\\29652\\Downloads\\videoPlayer-main\\videoPlayer-main\\entry\\.preview\\default\\intermediates\\res\\default\\ids_map","type":"directory","isSymbolicLink":false,"children":[{"hashValue":"fa7b3ef32270e13cab21d9c4f4f935a4","name":"id_defined.json","path":"C:\\Users\\29652\\Downloads\\videoPlayer-main\\videoPlayer-main\\entry\\.preview\\default\\intermediates\\res\\default\\ids_map\\id_defined.json","type":"file","isSymbolicLink":false,"fileMetaData":{"size":1470,"lastModifiedTime":1736762029696}}]},{"hashValue":"6eb41804593180dd190f553e236b620d","name":"module_compiled","path":"C:\\Users\\29652\\Downloads\\videoPlayer-main\\videoPlayer-main\\entry\\.preview\\default\\intermediates\\res\\default\\module_compiled","type":"directory","isSymbolicLink":false,"children":[{"hashValue":"f5e77f84a30d37da496a87adf2022cb4","name":"1010891334613134788","path":"C:\\Users\\29652\\Downloads\\videoPlayer-main\\videoPlayer-main\\entry\\.preview\\default\\intermediates\\res\\default\\module_compiled\\1010891334613134788","type":"file","isSymbolicLink":false,"fileMetaData":{"size":536,"lastModifiedTime":1736762029344}},{"hashValue":"93600ddf3d2f36d30d53425ca1780761","name":"12998119819940931812","path":"C:\\Users\\29652\\Downloads\\videoPlayer-main\\videoPlayer-main\\entry\\.preview\\default\\intermediates\\res\\default\\module_compiled\\12998119819940931812","type":"file","isSymbolicLink":false,"fileMetaData":{"size":251,"lastModifiedTime":1736762029340}},{"hashValue":"8820a527cba33f19fec928efd7b04ee9","name":"1349563347044466460","path":"C:\\Users\\29652\\Downloads\\videoPlayer-main\\videoPlayer-main\\entry\\.preview\\default\\intermediates\\res\\default\\module_compiled\\1349563347044466460","type":"file","isSymbolicLink":false,"fileMetaData":{"size":242,"lastModifiedTime":1736762029341}},{"hashValue":"ea11777794d1e1545644368dceb3fa22","name":"14733980127735203323","path":"C:\\Users\\29652\\Downloads\\videoPlayer-main\\videoPlayer-main\\entry\\.preview\\default\\intermediates\\res\\default\\module_compiled\\14733980127735203323","type":"file","isSymbolicLink":false,"fileMetaData":{"size":267,"lastModifiedTime":1736762029343}},{"hashValue":"3c5b4fd488df48122021cc41c98771ea","name":"15095864421499419966","path":"C:\\Users\\29652\\Downloads\\videoPlayer-main\\videoPlayer-main\\entry\\.preview\\default\\intermediates\\res\\default\\module_compiled\\15095864421499419966","type":"file","isSymbolicLink":false,"fileMetaData":{"size":542,"lastModifiedTime":1736762029344}},{"hashValue":"26e6cdc75f8d94090e440400f3acaaf5","name":"15295330679059725358","path":"C:\\Users\\29652\\Downloads\\videoPlayer-main\\videoPlayer-main\\entry\\.preview\\default\\intermediates\\res\\default\\module_compiled\\15295330679059725358","type":"file","isSymbolicLink":false,"fileMetaData":{"size":242,"lastModifiedTime":1736762029342}},{"hashValue":"27ac15a1586f3b62a4be7b1d9ef0d9a4","name":"16884710231749433913","path":"C:\\Users\\29652\\Downloads\\videoPlayer-main\\videoPlayer-main\\entry\\.preview\\default\\intermediates\\res\\default\\module_compiled\\16884710231749433913","type":"file","isSymbolicLink":false,"fileMetaData":{"size":634,"lastModifiedTime":1736762029339}},{"hashValue":"24f4b789eb8d77228c805aba795a8174","name":"17017082034487305702","path":"C:\\Users\\29652\\Downloads\\videoPlayer-main\\videoPlayer-main\\entry\\.preview\\default\\intermediates\\res\\default\\module_compiled\\17017082034487305702","type":"file","isSymbolicLink":false,"fileMetaData":{"size":242,"lastModifiedTime":1736762029341}},{"hashValue":"f79e97a76d191aec3feb386a25ecca2e","name":"17888427373098949209","path":"C:\\Users\\29652\\Downloads\\videoPlayer-main\\videoPlayer-main\\entry\\.preview\\default\\intermediates\\res\\default\\module_compiled\\17888427373098949209","type":"file","isSymbolicLink":false,"fileMetaData":{"size":242,"lastModifiedTime":1736762029343}},{"hashValue":"364d5b13c4b263257b81568b239dd9e0","name":"2779260608001017604","path":"C:\\Users\\29652\\Downloads\\videoPlayer-main\\videoPlayer-main\\entry\\.preview\\default\\intermediates\\res\\default\\module_compiled\\2779260608001017604","type":"file","isSymbolicLink":false,"fileMetaData":{"size":245,"lastModifiedTime":1736762029342}},{"hashValue":"c504229a524e0b4f995debf62f9484b3","name":"2842888943609328889","path":"C:\\Users\\29652\\Downloads\\videoPlayer-main\\videoPlayer-main\\entry\\.preview\\default\\intermediates\\res\\default\\module_compiled\\2842888943609328889","type":"file","isSymbolicLink":false,"fileMetaData":{"size":165,"lastModifiedTime":1736762029338}},{"hashValue":"466440f01773e0438553205c34477b63","name":"297187359638919369","path":"C:\\Users\\29652\\Downloads\\videoPlayer-main\\videoPlayer-main\\entry\\.preview\\default\\intermediates\\res\\default\\module_compiled\\297187359638919369","type":"file","isSymbolicLink":false,"fileMetaData":{"size":257,"lastModifiedTime":1736762029342}},{"hashValue":"0a693e3e3a2744ee66fbce31759c3cca","name":"4501296804282148799","path":"C:\\Users\\29652\\Downloads\\videoPlayer-main\\videoPlayer-main\\entry\\.preview\\default\\intermediates\\res\\default\\module_compiled\\4501296804282148799","type":"file","isSymbolicLink":false,"fileMetaData":{"size":251,"lastModifiedTime":1736762029340}},{"hashValue":"e6b870daf2d4d93929c40677e59d5757","name":"5568257636118607129","path":"C:\\Users\\29652\\Downloads\\videoPlayer-main\\videoPlayer-main\\entry\\.preview\\default\\intermediates\\res\\default\\module_compiled\\5568257636118607129","type":"file","isSymbolicLink":false,"fileMetaData":{"size":251,"lastModifiedTime":1736762029343}},{"hashValue":"306351dd422881b381051e11edabaf70","name":"6246022900262749205","path":"C:\\Users\\29652\\Downloads\\videoPlayer-main\\videoPlayer-main\\entry\\.preview\\default\\intermediates\\res\\default\\module_compiled\\6246022900262749205","type":"file","isSymbolicLink":false,"fileMetaData":{"size":245,"lastModifiedTime":1736762029341}},{"hashValue":"d69802e899495bf078ee40fb278288b2","name":"7559816230928180671","path":"C:\\Users\\29652\\Downloads\\videoPlayer-main\\videoPlayer-main\\entry\\.preview\\default\\intermediates\\res\\default\\module_compiled\\7559816230928180671","type":"file","isSymbolicLink":false,"fileMetaData":{"size":251,"lastModifiedTime":1736762029340}},{"hashValue":"e6e143b2eb54671bb9ab3a67d0f9717b","name":"9463632208890451550","path":"C:\\Users\\29652\\Downloads\\videoPlayer-main\\videoPlayer-main\\entry\\.preview\\default\\intermediates\\res\\default\\module_compiled\\9463632208890451550","type":"file","isSymbolicLink":false,"fileMetaData":{"size":245,"lastModifiedTime":1736762029342}}]},{"hashValue":"54d25ffec1603f2100b419a89b3db277","name":"module.json","path":"C:\\Users\\29652\\Downloads\\videoPlayer-main\\videoPlayer-main\\entry\\.preview\\default\\intermediates\\res\\default\\module.json","type":"file","isSymbolicLink":false,"fileMetaData":{"size":1550,"lastModifiedTime":1736762029697}},{"hashValue":"eda19292f878dcde1afa00158e1a36e0","name":"resources","path":"C:\\Users\\29652\\Downloads\\videoPlayer-main\\videoPlayer-main\\entry\\.preview\\default\\intermediates\\res\\default\\resources","type":"directory","isSymbolicLink":false,"children":[{"hashValue":"744f6a8c26ac31829ec0334caebaa7ba","name":"base","path":"C:\\Users\\29652\\Downloads\\videoPlayer-main\\videoPlayer-main\\entry\\.preview\\default\\intermediates\\res\\default\\resources\\base","type":"directory","isSymbolicLink":false,"children":[{"hashValue":"a74f9ef42de0003f0816cab6811c383e","name":"profile","path":"C:\\Users\\29652\\Downloads\\videoPlayer-main\\videoPlayer-main\\entry\\.preview\\default\\intermediates\\res\\default\\resources\\base\\profile","type":"directory","isSymbolicLink":false,"children":[{"hashValue":"c2d6bfcf89697dbeff0c084d5945a187","name":"main_pages.json","path":"C:\\Users\\29652\\Downloads\\videoPlayer-main\\videoPlayer-main\\entry\\.preview\\default\\intermediates\\res\\default\\resources\\base\\profile\\main_pages.json","type":"file","isSymbolicLink":false,"fileMetaData":{"size":63,"lastModifiedTime":1736762029724}}]}]}]},{"hashValue":"2fee7212ad73351c34287186fa2ccd85","name":"resources.index","path":"C:\\Users\\29652\\Downloads\\videoPlayer-main\\videoPlayer-main\\entry\\.preview\\default\\intermediates\\res\\default\\resources.index","type":"file","isSymbolicLink":false,"fileMetaData":{"size":2752,"lastModifiedTime":1736762029696}},{"hashValue":"8477211ea9a345fdd3feb295e0726804","name":"ResourceTable.txt","path":"C:\\Users\\29652\\Downloads\\videoPlayer-main\\videoPlayer-main\\entry\\.preview\\default\\intermediates\\res\\default\\ResourceTable.txt","type":"file","isSymbolicLink":false,"fileMetaData":{"size":534,"lastModifiedTime":1736762029698}}]},"C:\\Users\\29652\\Downloads\\videoPlayer-main\\videoPlayer-main\\entry\\.preview\\default\\generated\\r\\default":{"hashValue":"5c26a5227d1867f255d0e88b713a510b","name":"default","path":"C:\\Users\\29652\\Downloads\\videoPlayer-main\\videoPlayer-main\\entry\\.preview\\default\\generated\\r\\default","type":"directory","isSymbolicLink":false,"children":[{"hashValue":"27dfac7baa6665f36a2096b02484c393","name":"ResourceTable.h","path":"C:\\Users\\29652\\Downloads\\videoPlayer-main\\videoPlayer-main\\entry\\.preview\\default\\generated\\r\\default\\ResourceTable.h","type":"file","isSymbolicLink":false,"fileMetaData":{"size":1580,"lastModifiedTime":1736762029697}}]},"C:\\Users\\29652\\Downloads\\videoPlayer-main\\videoPlayer-main\\entry\\src\\main\\resources\\base\\profile":{"hashValue":"cf5b3078419b6ecb59958b334b19d965","name":"profile","path":"C:\\Users\\29652\\Downloads\\videoPlayer-main\\videoPlayer-main\\entry\\src\\main\\resources\\base\\profile","type":"directory","isSymbolicLink":false,"children":[{"hashValue":"4f3e926a540fb34ac477e613da99bf7c","name":"main_pages.json","path":"C:\\Users\\29652\\Downloads\\videoPlayer-main\\videoPlayer-main\\entry\\src\\main\\resources\\base\\profile\\main_pages.json","type":"file","isSymbolicLink":false,"fileMetaData":{"size":86,"lastModifiedTime":1734677308331}}]},"C:\\Users\\29652\\Downloads\\videoPlayer-main\\videoPlayer-main\\entry\\.preview\\default\\intermediates\\res\\default\\resources\\base\\profile":{"hashValue":"a74f9ef42de0003f0816cab6811c383e","name":"profile","path":"C:\\Users\\29652\\Downloads\\videoPlayer-main\\videoPlayer-main\\entry\\.preview\\default\\intermediates\\res\\default\\resources\\base\\profile","type":"directory","isSymbolicLink":false,"children":[{"hashValue":"c2d6bfcf89697dbeff0c084d5945a187","name":"main_pages.json","path":"C:\\Users\\29652\\Downloads\\videoPlayer-main\\videoPlayer-main\\entry\\.preview\\default\\intermediates\\res\\default\\resources\\base\\profile\\main_pages.json","type":"file","isSymbolicLink":false,"fileMetaData":{"size":63,"lastModifiedTime":1736762029724}}]},"C:\\Users\\29652\\Downloads\\videoPlayer-main\\videoPlayer-main\\entry\\.preview\\default\\intermediates\\res\\default\\module.json":{"hashValue":"54d25ffec1603f2100b419a89b3db277","name":"module.json","path":"C:\\Users\\29652\\Downloads\\videoPlayer-main\\videoPlayer-main\\entry\\.preview\\default\\intermediates\\res\\default\\module.json","type":"file","isSymbolicLink":false,"fileMetaData":{"size":1550,"lastModifiedTime":1736762029697}},"C:\\Users\\29652\\Downloads\\videoPlayer-main\\videoPlayer-main\\entry\\.preview\\default\\intermediates\\res\\default\\resources\\base\\profile\\main_pages.json":{"hashValue":"c2d6bfcf89697dbeff0c084d5945a187","name":"main_pages.json","path":"C:\\Users\\29652\\Downloads\\videoPlayer-main\\videoPlayer-main\\entry\\.preview\\default\\intermediates\\res\\default\\resources\\base\\profile\\main_pages.json","type":"file","isSymbolicLink":false,"fileMetaData":{"size":63,"lastModifiedTime":1736762029724}},"C:\\Users\\29652\\Downloads\\videoPlayer-main\\videoPlayer-main\\entry\\.preview\\default\\intermediates\\loader\\default":{"hashValue":"9b866f8c53fd3553cb98c081c6aac4f9","name":"default","path":"C:\\Users\\29652\\Downloads\\videoPlayer-main\\videoPlayer-main\\entry\\.preview\\default\\intermediates\\loader\\default","type":"directory","isSymbolicLink":false,"children":[{"hashValue":"ac63f9a8ebf1a9e09d2a45cf301aeb8c","name":"loader.json","path":"C:\\Users\\29652\\Downloads\\videoPlayer-main\\videoPlayer-main\\entry\\.preview\\default\\intermediates\\loader\\default\\loader.json","type":"file","isSymbolicLink":false,"fileMetaData":{"size":920,"lastModifiedTime":1736762028631}}]},"C:\\Users\\29652\\Downloads\\videoPlayer-main\\videoPlayer-main\\entry\\.preview\\default\\intermediates\\res\\default\\ResourceTable.txt":{"hashValue":"8477211ea9a345fdd3feb295e0726804","name":"ResourceTable.txt","path":"C:\\Users\\29652\\Downloads\\videoPlayer-main\\videoPlayer-main\\entry\\.preview\\default\\intermediates\\res\\default\\ResourceTable.txt","type":"file","isSymbolicLink":false,"fileMetaData":{"size":534,"lastModifiedTime":1736762029698}},"C:\\Users\\29652\\Downloads\\videoPlayer-main\\videoPlayer-main\\entry\\.preview\\default\\intermediates\\loader\\default\\pkgContextInfo.json":{"hashValue":"","name":"emptyroot","path":"","type":"unknown","isSymbolicLink":false,"children":[]},"C:\\Users\\29652\\Downloads\\videoPlayer-main\\videoPlayer-main\\entry\\.preview\\default\\intermediates\\loader_out\\default\\ets":{"hashValue":"","name":"emptyroot","path":"","type":"unknown","isSymbolicLink":false,"children":[]}}