{":videoPlayer-main:entry:default@PreBuild":{"_inputs":[{"dataType":"ValueEntry","value":"{\"_name\":\"BUILTIN_TASK_COMMAND\",\"_value\":\"\",\"_valueType\":\"string\",\"_hash\":\"0b5d05294fdf4e78e8482ef53eb64ac0\"}"},{"dataType":"ValueEntry","value":"{\"_name\":\"BUILTIN_TASK_ENV\",\"_value\":\"\",\"_valueType\":\"string\",\"_hash\":\"cdcdc2ec8062ca9ec1de46dbf2bbc053\"}"},{"dataType":"ValueEntry","value":"{\"_name\":\"BUILTIN_TASK_TOOLCHAIN\",\"_value\":\"\",\"_valueType\":\"string\",\"_hash\":\"e7f94a9422a8bc317a7d90b58efcb5f6\"}"},{"dataType":"ValueEntry","value":"{\"_name\":\"apiType\",\"_value\":\"stageMode\",\"_valueType\":\"string\",\"_hash\":\"699c7565645ea3ea8c88551a4926a3d5\"}"},{"dataType":"ValueEntry","value":"{\"_name\":\"byteCodeHar\",\"_value\":false,\"_valueType\":\"boolean\",\"_hash\":\"1918a3ccb645ccacd0aedd84fc6cf8a4\"}"},{"dataType":"ValueEntry","value":"{\"_name\":\"codeType\",\"_value\":true,\"_valueType\":\"boolean\",\"_hash\":\"d6dcf21a9f078b661283507536e57ce8\"}"},{"dataType":"ValueEntry","value":"{\"_name\":\"compatibleApiVersion\",\"_value\":10,\"_valueType\":\"number\",\"_hash\":\"f08ac304243ae5663f2ea14e1973c253\"}"},{"dataType":"ValueEntry","value":"{\"_name\":\"compileApiVersion\",\"_value\":12,\"_valueType\":\"number\",\"_hash\":\"5bc55d1554c9b9f95bf3de5259c04c8b\"}"},{"dataType":"ValueEntry","value":"{\"_name\":\"configuration\",\"_value\":\"\",\"_valueType\":\"string\",\"_hash\":\"d12f0038691f8f34d654391bbcee2f8e\"}"},{"dataType":"ValueEntry","value":"{\"_name\":\"configurationFileJson\",\"_value\":\"\",\"_valueType\":\"string\",\"_hash\":\"2b55287f40f7e8896b21bab4028e156b\"}"},{"dataType":"ValueEntry","value":"{\"_name\":\"customTypes\",\"_value\":\"\",\"_valueType\":\"string\",\"_hash\":\"970a2695bffac1c5a4fa283dc36050e3\"}"},{"dataType":"ValueEntry","value":"{\"_name\":\"deviceType\",\"_value\":[\"phone\",\"tablet\"],\"_valueType\":\"object\",\"_hash\":\"6b8c09abb74b3d778d7ce1bc1efb26ef\"}"},{"dataType":"ValueEntry","value":"{\"_name\":\"integrated_hsp\",\"_value\":false,\"_valueType\":\"boolean\",\"_hash\":\"2538281751f182d9123d2ab28efaf9be\"}"},{"dataType":"ValueEntry","value":"{\"_name\":\"isSupportOhpmProj\",\"_value\":true,\"_valueType\":\"boolean\",\"_hash\":\"f3a249d7e3f751316e931b8a08b074b4\"}"},{"dataType":"ValueEntry","value":"{\"_name\":\"moduleJsonOpt\",\"_value\":\"{\\\"jsonFilePath\\\":\\\"C:\\\\\\\\Users\\\\\\\\29652\\\\\\\\Downloads\\\\\\\\videoPlayer-main\\\\\\\\videoPlayer-main\\\\\\\\entry\\\\\\\\src\\\\\\\\main\\\\\\\\module.json5\\\",\\\"profile\\\":{\\\"module\\\":{\\\"name\\\":\\\"entry\\\",\\\"type\\\":\\\"entry\\\",\\\"description\\\":\\\"$string:module_desc\\\",\\\"mainElement\\\":\\\"EntryAbility\\\",\\\"deviceTypes\\\":[\\\"phone\\\",\\\"tablet\\\"],\\\"deliveryWithInstall\\\":true,\\\"installationFree\\\":false,\\\"pages\\\":\\\"$profile:main_pages\\\",\\\"abilities\\\":[{\\\"name\\\":\\\"EntryAbility\\\",\\\"srcEntry\\\":\\\"./ets/entryability/EntryAbility.ts\\\",\\\"description\\\":\\\"$string:EntryAbility_desc\\\",\\\"icon\\\":\\\"$media:icon\\\",\\\"label\\\":\\\"$string:EntryAbility_label\\\",\\\"startWindowIcon\\\":\\\"$media:icon\\\",\\\"startWindowBackground\\\":\\\"$color:start_window_background\\\",\\\"exported\\\":true,\\\"skills\\\":[{\\\"entities\\\":[\\\"entity.system.home\\\"],\\\"actions\\\":[\\\"action.system.home\\\"]}]}],\\\"requestPermissions\\\":[{\\\"name\\\":\\\"ohos.permission.INTERNET\\\"}]}},\\\"deviceTypes\\\":[\\\"phone\\\",\\\"tablet\\\"],\\\"deviceConfig\\\":\\\"deviceTypes\\\",\\\"configurationProfile\\\":\\\"module.json5\\\"}\",\"_valueType\":\"string\",\"_hash\":\"ef038cb33fbf8f05ff35699300a35bb7\"}"},{"dataType":"ValueEntry","value":"{\"_name\":\"profileModuleName\",\"_value\":\"entry\",\"_valueType\":\"string\",\"_hash\":\"b174ea6ff5824844dde5ad92f6b3ef2b\"}"},{"dataType":"ValueEntry","value":"{\"_name\":\"sdkToolchainsComponentVersion\",\"_value\":\"5.0.0.71\",\"_valueType\":\"string\",\"_hash\":\"119f7d6df90eed3eb0291221796337ff\"}"},{"dataType":"ValueEntry","value":"{\"_name\":\"sourceRoots\",\"_value\":true,\"_valueType\":\"boolean\",\"_hash\":\"a369c115d2c4122f3819759804ec9d35\"}"},{"dataType":"ValueEntry","value":"{\"_name\":\"targetStatusCode\",\"_value\":2,\"_valueType\":\"number\",\"_hash\":\"5a9255c0f4ee50904a9349ebafca8369\"}"},{"dataType":"ValueEntry","value":"{\"_name\":\"transformLib\",\"_value\":\"\",\"_valueType\":\"string\",\"_hash\":\"7d270d0ce7ae5c6e2e32760cb396ea5a\"}"},{"dataType":"ValueEntry","value":"{\"_name\":\"useNormalizedOHMUrl\",\"_value\":false,\"_valueType\":\"boolean\",\"_hash\":\"45c309ddef659bd1ca26b5b8988a1a78\"}"}],"_successful":true,"_projectName":"videoPlayer-main","_moduleName":"entry","_taskName":"default@PreBuild","_key":":videoPlayer-main:entry:default@PreBuild","_executionId":":videoPlayer-main:entry:default@PreBuild:1734677412758","_inputFiles":{"dataType":"Map","value":[["C:\\Users\\29652\\Downloads\\videoPlayer-main\\videoPlayer-main\\AppScope\\app.json5",{"isDirectory":false,"fileSnapShotHashValue":"e994ad81bf08a71e1d079ac8427ae64a"}],["C:\\Users\\29652\\Downloads\\videoPlayer-main\\videoPlayer-main\\entry\\src\\main\\module.json5",{"isDirectory":false,"fileSnapShotHashValue":"6de656c2b670f821b23dcbb5225f88f2"}],["C:\\Users\\29652\\Downloads\\videoPlayer-main\\videoPlayer-main\\build-profile.json5",{"fileSnapShotHashValue":"400248a837f6216eb81768843a41a448"}],["C:\\Users\\29652\\Downloads\\videoPlayer-main\\videoPlayer-main\\entry\\build-profile.json5",{"fileSnapShotHashValue":"45445aeab677cfd2f558d6a843e22d96"}],["C:\\Users\\29652\\Downloads\\videoPlayer-main\\videoPlayer-main\\entry\\src\\main\\resources\\base\\profile\\main_pages.json",{"fileSnapShotHashValue":"4f3e926a540fb34ac477e613da99bf7c"}],["C:\\Users\\29652\\Downloads\\videoPlayer-main\\videoPlayer-main\\hvigor\\hvigor-config.json5",{"isDirectory":true,"fileSnapShotHashValue":"8910c7247a222642c5808de2cc48717c"}],["C:\\Users\\29652\\Downloads\\videoPlayer-main\\videoPlayer-main\\entry\\oh-package.json5",{"fileSnapShotHashValue":"4320cdb8d99b2b48d029453e1a3fafed"}]]},"_outputFiles":{"dataType":"Map","value":[]}},":videoPlayer-main:entry:default@GenerateMetadata":{"_inputs":[{"dataType":"ValueEntry","value":"{\"_name\":\"BUILTIN_TASK_COMMAND\",\"_value\":\"\",\"_valueType\":\"string\"}"},{"dataType":"ValueEntry","value":"{\"_name\":\"BUILTIN_TASK_ENV\",\"_value\":\"\",\"_valueType\":\"string\"}"},{"dataType":"ValueEntry","value":"{\"_name\":\"BUILTIN_TASK_TOOLCHAIN\",\"_value\":\"\",\"_valueType\":\"string\"}"},{"dataType":"ValueEntry","value":"{\"_name\":\"enableSignTask\",\"_value\":true,\"_valueType\":\"boolean\"}"},{"dataType":"ValueEntry","value":"{\"_name\":\"entryModules\",\"_value\":[],\"_valueType\":\"object\"}"},{"dataType":"ValueEntry","value":"{\"_name\":\"existSigningConfig\",\"_value\":false,\"_valueType\":\"boolean\"}"},{"dataType":"ValueEntry","value":"{\"_name\":\"moduleDeviceType\",\"_value\":[\"phone\",\"tablet\"],\"_valueType\":\"object\"}"},{"dataType":"ValueEntry","value":"{\"_name\":\"product\",\"_value\":\"default\",\"_valueType\":\"string\"}"},{"dataType":"ValueEntry","value":"{\"_name\":\"remoteHspMetaData\",\"_valueType\":\"undefined\"}"},{"dataType":"ValueEntry","value":"{\"_name\":\"sdkToolchainsComponentVersion\",\"_value\":\"5.0.0.71\",\"_valueType\":\"string\"}"},{"dataType":"ValueEntry","value":"{\"_name\":\"targetConfig\",\"_value\":\"{\\\"name\\\":\\\"default\\\",\\\"runtimeOS\\\":\\\"HarmonyOS\\\"}\",\"_valueType\":\"string\"}"}],"_successful":true,"_projectName":"videoPlayer-main","_moduleName":"entry","_taskName":"default@GenerateMetadata","_key":":videoPlayer-main:entry:default@GenerateMetadata","_executionId":":videoPlayer-main:entry:default@GenerateMetadata:1734677412969","_inputFiles":{"dataType":"Map","value":[["C:\\Users\\29652\\Downloads\\videoPlayer-main\\videoPlayer-main\\entry\\src\\main\\module.json5",{"fileSnapShotHashValue":"6de656c2b670f821b23dcbb5225f88f2"}]]},"_outputFiles":{"dataType":"Map","value":[["C:\\Users\\29652\\Downloads\\videoPlayer-main\\videoPlayer-main\\entry\\build\\default\\intermediates\\hap_metadata\\default\\output_metadata.json",{"fileSnapShotHashValue":"cc8f7b424516ec309d0c1433e97071e2"}]]}},":videoPlayer-main:entry:default@MergeProfile":{"_inputs":[{"dataType":"ValueEntry","value":"{\"_name\":\"BUILTIN_TASK_COMMAND\",\"_value\":\"\",\"_valueType\":\"string\",\"_hash\":\"0b5d05294fdf4e78e8482ef53eb64ac0\"}"},{"dataType":"ValueEntry","value":"{\"_name\":\"BUILTIN_TASK_ENV\",\"_value\":\"\",\"_valueType\":\"string\",\"_hash\":\"cdcdc2ec8062ca9ec1de46dbf2bbc053\"}"},{"dataType":"ValueEntry","value":"{\"_name\":\"BUILTIN_TASK_TOOLCHAIN\",\"_value\":\"\",\"_valueType\":\"string\",\"_hash\":\"e7f94a9422a8bc317a7d90b58efcb5f6\"}"},{"dataType":"ValueEntry","value":"{\"_name\":\"appJsonOpt\",\"_value\":\"{\\\"app\\\":{\\\"bundleName\\\":\\\"com.itbaizhan.myapplication\\\",\\\"vendor\\\":\\\"example\\\",\\\"versionCode\\\":1000000,\\\"versionName\\\":\\\"1.0.0\\\",\\\"icon\\\":\\\"$media:app_icon\\\",\\\"label\\\":\\\"$string:app_name\\\"}}\",\"_valueType\":\"string\",\"_hash\":\"f8a2fc9e1981698207345de7ddf0c74d\"}"},{"dataType":"ValueEntry","value":"{\"_name\":\"asanEnable\",\"_value\":false,\"_valueType\":\"boolean\",\"_hash\":\"bc2129ba20a21b7e5234139ede1b4d7b\"}"},{"dataType":"ValueEntry","value":"{\"_name\":\"buildProfileAbilities\",\"_valueType\":\"undefined\",\"_hash\":\"40d5093f345351dd6d67ce5d6a209345\"}"},{"dataType":"ValueEntry","value":"{\"_name\":\"buildRoot\",\"_value\":\".preview\",\"_valueType\":\"string\",\"_hash\":\"88e9a315669657b02bc470a13f92befe\"}"},{"dataType":"ValueEntry","value":"{\"_name\":\"compatibleSdkVersion\",\"_value\":10,\"_valueType\":\"number\",\"_hash\":\"8ca3e69374439355c4f1b77ba4fb3435\"}"},{"dataType":"ValueEntry","value":"{\"_name\":\"integratedHsp\",\"_value\":false,\"_valueType\":\"boolean\",\"_hash\":\"e67900c25b1f9fb70cc779de77dc6912\"}"},{"dataType":"ValueEntry","value":"{\"_name\":\"isBundledDependencies\",\"_value\":false,\"_valueType\":\"boolean\",\"_hash\":\"a69aa552317c7a6e087cb84a5722e050\"}"},{"dataType":"ValueEntry","value":"{\"_name\":\"isDebug\",\"_value\":true,\"_valueType\":\"boolean\",\"_hash\":\"edbf05a2d2be2c385e75d9565a48d419\"}"},{"dataType":"ValueEntry","value":"{\"_name\":\"isHarModule\",\"_value\":false,\"_valueType\":\"boolean\",\"_hash\":\"a15b7a3ed818faa99a4a10d67f52cb72\"}"},{"dataType":"ValueEntry","value":"{\"_name\":\"moduleJsonOpt\",\"_value\":\"{\\\"module\\\":{\\\"name\\\":\\\"entry\\\",\\\"type\\\":\\\"entry\\\",\\\"description\\\":\\\"$string:module_desc\\\",\\\"mainElement\\\":\\\"EntryAbility\\\",\\\"deviceTypes\\\":[\\\"phone\\\",\\\"tablet\\\"],\\\"deliveryWithInstall\\\":true,\\\"installationFree\\\":false,\\\"pages\\\":\\\"$profile:main_pages\\\",\\\"abilities\\\":[{\\\"name\\\":\\\"EntryAbility\\\",\\\"srcEntry\\\":\\\"./ets/entryability/EntryAbility.ts\\\",\\\"description\\\":\\\"$string:EntryAbility_desc\\\",\\\"icon\\\":\\\"$media:icon\\\",\\\"label\\\":\\\"$string:EntryAbility_label\\\",\\\"startWindowIcon\\\":\\\"$media:icon\\\",\\\"startWindowBackground\\\":\\\"$color:start_window_background\\\",\\\"exported\\\":true,\\\"skills\\\":[{\\\"entities\\\":[\\\"entity.system.home\\\"],\\\"actions\\\":[\\\"action.system.home\\\"]}]}],\\\"requestPermissions\\\":[{\\\"name\\\":\\\"ohos.permission.INTERNET\\\"}]}}\",\"_valueType\":\"string\",\"_hash\":\"75d77c1464784738524316e3e682d330\"}"},{"dataType":"ValueEntry","value":"{\"_name\":\"multiProjects\",\"_value\":false,\"_valueType\":\"boolean\",\"_hash\":\"555604752defc243b4e4c55d1549fc06\"}"},{"dataType":"ValueEntry","value":"{\"_name\":\"projectConfigAppOpt\",\"_valueType\":\"undefined\",\"_hash\":\"b52997704fa206ed96a13a1f2e464a85\"}"},{"dataType":"ValueEntry","value":"{\"_name\":\"releaseType\",\"_value\":\"Release\",\"_valueType\":\"string\",\"_hash\":\"bbcabdda034e97584f8c36f85b3ec517\"}"},{"dataType":"ValueEntry","value":"{\"_name\":\"targetSdkVersion\",\"_value\":12,\"_valueType\":\"number\",\"_hash\":\"94972355fc6ee8e90cfba1a7db4cf5db\"}"},{"dataType":"ValueEntry","value":"{\"_name\":\"tsanEnable\",\"_value\":false,\"_valueType\":\"boolean\",\"_hash\":\"086cac69f102cdd9ee25e54982ad7b76\"}"}],"_successful":true,"_projectName":"videoPlayer-main","_moduleName":"entry","_taskName":"default@MergeProfile","_key":":videoPlayer-main:entry:default@MergeProfile","_executionId":":videoPlayer-main:entry:default@MergeProfile:1736762027886","_inputFiles":{"dataType":"Map","value":[["C:\\Users\\29652\\Downloads\\videoPlayer-main\\videoPlayer-main\\AppScope\\app.json5",{"fileSnapShotHashValue":"e994ad81bf08a71e1d079ac8427ae64a"}],["C:\\Users\\29652\\Downloads\\videoPlayer-main\\videoPlayer-main\\build-profile.json5",{"fileSnapShotHashValue":"400248a837f6216eb81768843a41a448"}],["C:\\Users\\29652\\Downloads\\videoPlayer-main\\videoPlayer-main\\entry\\src\\main\\module.json5",{"fileSnapShotHashValue":"6de656c2b670f821b23dcbb5225f88f2"}]]},"_outputFiles":{"dataType":"Map","value":[["C:\\Users\\29652\\Downloads\\videoPlayer-main\\videoPlayer-main\\entry\\.preview\\default\\intermediates\\merge_profile\\default\\module.json",{"fileSnapShotHashValue":"9baac7e4a0a204e7c63a586d09303501"}]]}},":videoPlayer-main:entry:default@CreateBuildProfile":{"_inputs":[{"dataType":"ValueEntry","value":"{\"_name\":\"BUILTIN_TASK_COMMAND\",\"_value\":\"\",\"_valueType\":\"string\",\"_hash\":\"0b5d05294fdf4e78e8482ef53eb64ac0\"}"},{"dataType":"ValueEntry","value":"{\"_name\":\"BUILTIN_TASK_ENV\",\"_value\":\"\",\"_valueType\":\"string\",\"_hash\":\"cdcdc2ec8062ca9ec1de46dbf2bbc053\"}"},{"dataType":"ValueEntry","value":"{\"_name\":\"BUILTIN_TASK_TOOLCHAIN\",\"_value\":\"\",\"_valueType\":\"string\",\"_hash\":\"e7f94a9422a8bc317a7d90b58efcb5f6\"}"},{"dataType":"ValueEntry","value":"{\"_name\":\"buildMode\",\"_value\":\"Debug\",\"_valueType\":\"string\",\"_hash\":\"8120d22ada0d6de22b101e1f4ea16e81\"}"},{"dataType":"ValueEntry","value":"{\"_name\":\"buildModeName\",\"_value\":\"debug\",\"_valueType\":\"string\",\"_hash\":\"3f0246ea410fd9efa9fc7196cca045e3\"}"},{"dataType":"ValueEntry","value":"{\"_name\":\"projectOhosConfigAppOpt\",\"_valueType\":\"undefined\",\"_hash\":\"d55b976f16f2e6ec7261b64755922538\"}"}],"_successful":true,"_projectName":"videoPlayer-main","_moduleName":"entry","_taskName":"default@CreateBuildProfile","_key":":videoPlayer-main:entry:default@CreateBuildProfile","_executionId":":videoPlayer-main:entry:default@CreateBuildProfile:1736762027898","_inputFiles":{"dataType":"Map","value":[["C:\\Users\\29652\\Downloads\\videoPlayer-main\\videoPlayer-main\\AppScope\\app.json5",{"fileSnapShotHashValue":"e994ad81bf08a71e1d079ac8427ae64a"}],["C:\\Users\\29652\\Downloads\\videoPlayer-main\\videoPlayer-main\\build-profile.json5",{"fileSnapShotHashValue":"400248a837f6216eb81768843a41a448"}]]},"_outputFiles":{"dataType":"Map","value":[["C:\\Users\\29652\\Downloads\\videoPlayer-main\\videoPlayer-main\\entry\\.preview\\default\\generated\\profile\\default\\BuildProfile.ets",{"fileSnapShotHashValue":"fb38ba4f655911be4bad49aedc74c4d3"}]]}},":videoPlayer-main:entry:default@GeneratePkgContextInfo":{"_inputs":[{"dataType":"ValueEntry","value":"{\"_name\":\"pkgContextInfoMap\",\"_value\":\"{\\\"@ohos/hypium\\\":{\\\"packageName\\\":\\\"@ohos/hypium\\\",\\\"bundleName\\\":\\\"\\\",\\\"moduleName\\\":\\\"\\\",\\\"version\\\":\\\"1.0.6\\\",\\\"entryPath\\\":\\\"index.js\\\",\\\"isSO\\\":false,\\\"dependencyAlias\\\":\\\"\\\"},\\\"entry\\\":{\\\"packageName\\\":\\\"entry\\\",\\\"bundleName\\\":\\\"\\\",\\\"moduleName\\\":\\\"\\\",\\\"version\\\":\\\"\\\",\\\"entryPath\\\":\\\"src/main/\\\",\\\"isSO\\\":false,\\\"dependencyAlias\\\":\\\"\\\"}}\",\"_valueType\":\"string\"}"},{"dataType":"ValueEntry","value":"{\"_name\":\"useNormalizedOHMUrl\",\"_value\":false,\"_valueType\":\"boolean\"}"},{"dataType":"ValueEntry","value":"{\"_name\":\"BUILTIN_TASK_COMMAND\",\"_value\":\"\",\"_valueType\":\"string\"}"},{"dataType":"ValueEntry","value":"{\"_name\":\"BUILTIN_TASK_TOOLCHAIN\",\"_value\":\"\",\"_valueType\":\"string\"}"},{"dataType":"ValueEntry","value":"{\"_name\":\"BUILTIN_TASK_ENV\",\"_value\":\"\",\"_valueType\":\"string\"}"}],"_successful":false,"_projectName":"videoPlayer-main","_moduleName":"entry","_taskName":"default@GeneratePkgContextInfo","_key":":videoPlayer-main:entry:default@GeneratePkgContextInfo","_executionId":":videoPlayer-main:entry:default@GeneratePkgContextInfo:1736766203202","_inputFiles":{"dataType":"Map","value":[]},"_outputFiles":{"dataType":"Map","value":[["C:\\Users\\29652\\Downloads\\videoPlayer-main\\videoPlayer-main\\entry\\.preview\\default\\intermediates\\loader\\default\\pkgContextInfo.json",{"isDirectory":false,"fileSnapShotHashValue":""}]]}},":videoPlayer-main:entry:default@ProcessIntegratedHsp":{"_inputs":[{"dataType":"ValueEntry","value":"{\"_name\":\"BUILTIN_TASK_COMMAND\",\"_value\":\"\",\"_valueType\":\"string\"}"},{"dataType":"ValueEntry","value":"{\"_name\":\"BUILTIN_TASK_TOOLCHAIN\",\"_value\":\"\",\"_valueType\":\"string\"}"},{"dataType":"ValueEntry","value":"{\"_name\":\"BUILTIN_TASK_ENV\",\"_value\":\"\",\"_valueType\":\"string\"}"}],"_successful":true,"_projectName":"videoPlayer-main","_moduleName":"entry","_taskName":"default@ProcessIntegratedHsp","_key":":videoPlayer-main:entry:default@ProcessIntegratedHsp","_executionId":":videoPlayer-main:entry:default@ProcessIntegratedHsp:1736761941890","_inputFiles":{"dataType":"Map","value":[]},"_outputFiles":{"dataType":"Map","value":[["C:\\Users\\29652\\Downloads\\videoPlayer-main\\videoPlayer-main\\build\\cache\\default\\integrated_hsp\\integratedHspCache.json",{"isDirectory":false,"fileSnapShotHashValue":""}]]}},":videoPlayer-main:entry:default@MakePackInfo":{"_inputs":[{"dataType":"ValueEntry","value":"{\"_name\":\"BUILTIN_TASK_COMMAND\",\"_value\":\"\",\"_valueType\":\"string\"}"},{"dataType":"ValueEntry","value":"{\"_name\":\"BUILTIN_TASK_ENV\",\"_value\":\"\",\"_valueType\":\"string\"}"},{"dataType":"ValueEntry","value":"{\"_name\":\"BUILTIN_TASK_TOOLCHAIN\",\"_value\":\"\",\"_valueType\":\"string\"}"},{"dataType":"ValueEntry","value":"{\"_name\":\"appResOpt\",\"_value\":\"{\\\"app\\\":{\\\"bundleName\\\":\\\"com.itbaizhan.myapplication\\\",\\\"vendor\\\":\\\"example\\\",\\\"versionCode\\\":1000000,\\\"versionName\\\":\\\"1.0.0\\\",\\\"icon\\\":\\\"$media:app_icon\\\",\\\"label\\\":\\\"$string:app_name\\\"}}\",\"_valueType\":\"string\"}"},{"dataType":"ValueEntry","value":"{\"_name\":\"compatibleSdkVersion\",\"_value\":10,\"_valueType\":\"number\"}"},{"dataType":"ValueEntry","value":"{\"_name\":\"compileSdkVersion\",\"_value\":12,\"_valueType\":\"number\"}"},{"dataType":"ValueEntry","value":"{\"_name\":\"deviceTypes\",\"_value\":[\"phone\",\"tablet\"],\"_valueType\":\"object\"}"},{"dataType":"ValueEntry","value":"{\"_name\":\"integratedHsp\",\"_value\":false,\"_valueType\":\"boolean\"}"},{"dataType":"ValueEntry","value":"{\"_name\":\"moduleJsonOpt\",\"_value\":\"{\\\"module\\\":{\\\"name\\\":\\\"entry\\\",\\\"type\\\":\\\"entry\\\",\\\"description\\\":\\\"$string:module_desc\\\",\\\"mainElement\\\":\\\"EntryAbility\\\",\\\"deviceTypes\\\":[\\\"phone\\\",\\\"tablet\\\"],\\\"deliveryWithInstall\\\":true,\\\"pages\\\":\\\"$profile:main_pages\\\",\\\"abilities\\\":[{\\\"name\\\":\\\"EntryAbility\\\",\\\"srcEntry\\\":\\\"./ets/entryability/EntryAbility.ts\\\",\\\"description\\\":\\\"$string:EntryAbility_desc\\\",\\\"icon\\\":\\\"$media:icon\\\",\\\"label\\\":\\\"$string:EntryAbility_label\\\",\\\"startWindowIcon\\\":\\\"$media:icon\\\",\\\"startWindowBackground\\\":\\\"$color:start_window_background\\\",\\\"exported\\\":true,\\\"skills\\\":[{\\\"entities\\\":[\\\"entity.system.home\\\"],\\\"actions\\\":[\\\"action.system.home\\\"]}]}],\\\"requestPermissions\\\":[{\\\"name\\\":\\\"ohos.permission.INTERNET\\\"}]}}\",\"_valueType\":\"string\"}"},{"dataType":"ValueEntry","value":"{\"_name\":\"projectConfigAppOpt\",\"_valueType\":\"undefined\"}"},{"dataType":"ValueEntry","value":"{\"_name\":\"releaseType\",\"_value\":\"Release\",\"_valueType\":\"string\"}"}],"_successful":true,"_projectName":"videoPlayer-main","_moduleName":"entry","_taskName":"default@MakePackInfo","_key":":videoPlayer-main:entry:default@MakePackInfo","_executionId":":videoPlayer-main:entry:default@MakePackInfo:1734677413031","_inputFiles":{"dataType":"Map","value":[["C:\\Users\\29652\\Downloads\\videoPlayer-main\\videoPlayer-main\\AppScope\\app.json5",{"fileSnapShotHashValue":"e994ad81bf08a71e1d079ac8427ae64a"}],["C:\\Users\\29652\\Downloads\\videoPlayer-main\\videoPlayer-main\\entry\\src\\main\\module.json5",{"fileSnapShotHashValue":"6de656c2b670f821b23dcbb5225f88f2"}],["C:\\Users\\29652\\Downloads\\videoPlayer-main\\videoPlayer-main\\build-profile.json5",{"fileSnapShotHashValue":"400248a837f6216eb81768843a41a448"}]]},"_outputFiles":{"dataType":"Map","value":[["C:\\Users\\29652\\Downloads\\videoPlayer-main\\videoPlayer-main\\entry\\build\\default\\outputs\\default\\pack.info",{"fileSnapShotHashValue":"9c2b15591f4f535216fc52a4bad7de04"}]]}},":videoPlayer-main:entry:default@ProcessProfile":{"_inputs":[{"dataType":"ValueEntry","value":"{\"_name\":\"BUILTIN_TASK_COMMAND\",\"_value\":\"\",\"_valueType\":\"string\",\"_hash\":\"0b5d05294fdf4e78e8482ef53eb64ac0\"}"},{"dataType":"ValueEntry","value":"{\"_name\":\"BUILTIN_TASK_ENV\",\"_value\":\"\",\"_valueType\":\"string\",\"_hash\":\"cdcdc2ec8062ca9ec1de46dbf2bbc053\"}"},{"dataType":"ValueEntry","value":"{\"_name\":\"BUILTIN_TASK_TOOLCHAIN\",\"_value\":\"\",\"_valueType\":\"string\",\"_hash\":\"e7f94a9422a8bc317a7d90b58efcb5f6\"}"},{"dataType":"ValueEntry","value":"{\"_name\":\"arkEnable\",\"_value\":true,\"_valueType\":\"boolean\",\"_hash\":\"750b4bda198545a67903dfb3f6a00a95\"}"},{"dataType":"ValueEntry","value":"{\"_name\":\"compatibleSdkVersionStage\",\"_value\":\"\",\"_valueType\":\"string\",\"_hash\":\"713e499a13beffe12f1dfb936f957a2a\"}"},{"dataType":"ValueEntry","value":"{\"_name\":\"compileMode\",\"_value\":\"esmodule\",\"_valueType\":\"string\",\"_hash\":\"dacafc8e0b77a950178a0b4d142dc32c\"}"},{"dataType":"ValueEntry","value":"{\"_name\":\"dependency\",\"_value\":\"[]\",\"_valueType\":\"string\",\"_hash\":\"ac54f3d4ced2d4c1d666d40e4f7c454a\"}"},{"dataType":"ValueEntry","value":"{\"_name\":\"deviceTypes\",\"_value\":[\"phone\",\"tablet\"],\"_valueType\":\"object\",\"_hash\":\"c166d88837153e59136adb6a4b649962\"}"}],"_successful":true,"_projectName":"videoPlayer-main","_moduleName":"entry","_taskName":"default@ProcessProfile","_key":":videoPlayer-main:entry:default@ProcessProfile","_executionId":":videoPlayer-main:entry:default@ProcessProfile:1736762027921","_inputFiles":{"dataType":"Map","value":[["C:\\Users\\29652\\Downloads\\videoPlayer-main\\videoPlayer-main\\entry\\.preview\\default\\intermediates\\merge_profile\\default\\module.json",{"fileSnapShotHashValue":"9baac7e4a0a204e7c63a586d09303501"}]]},"_outputFiles":{"dataType":"Map","value":[["C:\\Users\\29652\\Downloads\\videoPlayer-main\\videoPlayer-main\\entry\\.preview\\default\\intermediates\\process_profile\\default\\module.json",{"fileSnapShotHashValue":"96fbd5b37e61cc5d48acc52c8a72642f"}]]}},":videoPlayer-main:entry:default@SyscapTransform":{"_inputs":[{"dataType":"ValueEntry","value":"{\"_name\":\"deviceTypes\",\"_value\":[\"phone\",\"tablet\"],\"_valueType\":\"object\"}"},{"dataType":"ValueEntry","value":"{\"_name\":\"BUILTIN_TASK_COMMAND\",\"_value\":\"\",\"_valueType\":\"string\"}"},{"dataType":"ValueEntry","value":"{\"_name\":\"BUILTIN_TASK_TOOLCHAIN\",\"_value\":\"\",\"_valueType\":\"string\"}"},{"dataType":"ValueEntry","value":"{\"_name\":\"BUILTIN_TASK_ENV\",\"_value\":\"\",\"_valueType\":\"string\"}"}],"_successful":true,"_projectName":"videoPlayer-main","_moduleName":"entry","_taskName":"default@SyscapTransform","_key":":videoPlayer-main:entry:default@SyscapTransform","_executionId":":videoPlayer-main:entry:default@SyscapTransform:1736761941902","_inputFiles":{"dataType":"Map","value":[["D:\\sth you need\\DevEco Studio\\sdk\\default\\openharmony\\toolchains\\syscap_tool.exe",{"fileSnapShotHashValue":"5a189989e7bc59aed7a2a11923235742"}],["D:\\sth you need\\DevEco Studio\\sdk\\default\\openharmony\\ets\\api\\device-define",{"fileSnapShotHashValue":"91804b42cd6382c634c6ab84d95f0d2b"}]]},"_outputFiles":{"dataType":"Map","value":[["C:\\Users\\29652\\Downloads\\videoPlayer-main\\videoPlayer-main\\entry\\build\\default\\intermediates\\syscap\\default\\rpcid.sc",{"fileSnapShotHashValue":""}]]}},":videoPlayer-main:entry:default@ProcessRouterMap":{"_inputs":[{"dataType":"ValueEntry","value":"{\"_name\":\"BUILTIN_TASK_COMMAND\",\"_value\":\"\",\"_valueType\":\"string\",\"_hash\":\"0b5d05294fdf4e78e8482ef53eb64ac0\"}"},{"dataType":"ValueEntry","value":"{\"_name\":\"BUILTIN_TASK_ENV\",\"_value\":\"\",\"_valueType\":\"string\",\"_hash\":\"cdcdc2ec8062ca9ec1de46dbf2bbc053\"}"},{"dataType":"ValueEntry","value":"{\"_name\":\"BUILTIN_TASK_TOOLCHAIN\",\"_value\":\"\",\"_valueType\":\"string\",\"_hash\":\"e7f94a9422a8bc317a7d90b58efcb5f6\"}"},{"dataType":"ValueEntry","value":"{\"_name\":\"byteCodeHar\",\"_value\":false,\"_valueType\":\"boolean\",\"_hash\":\"1918a3ccb645ccacd0aedd84fc6cf8a4\"}"},{"dataType":"ValueEntry","value":"{\"_name\":\"obfuscated\",\"_value\":true,\"_valueType\":\"boolean\",\"_hash\":\"a69c27b9cf01a6710d3662cfe180239f\"}"},{"dataType":"ValueEntry","value":"{\"_name\":\"useNormalizedOHMUrl\",\"_value\":false,\"_valueType\":\"boolean\",\"_hash\":\"45c309ddef659bd1ca26b5b8988a1a78\"}"}],"_successful":true,"_projectName":"videoPlayer-main","_moduleName":"entry","_taskName":"default@ProcessRouterMap","_key":":videoPlayer-main:entry:default@ProcessRouterMap","_executionId":":videoPlayer-main:entry:default@ProcessRouterMap:1736762028607","_inputFiles":{"dataType":"Map","value":[["C:\\Users\\29652\\Downloads\\videoPlayer-main\\videoPlayer-main\\entry\\oh-package.json5",{"fileSnapShotHashValue":"4320cdb8d99b2b48d029453e1a3fafed"}],["C:\\Users\\29652\\Downloads\\videoPlayer-main\\videoPlayer-main\\oh-package.json5",{"fileSnapShotHashValue":"c18bfcb3394adaafd3d8e19cdac4251d"}],["C:\\Users\\29652\\Downloads\\videoPlayer-main\\videoPlayer-main\\entry\\src\\main\\module.json5",{"fileSnapShotHashValue":"6de656c2b670f821b23dcbb5225f88f2"}]]},"_outputFiles":{"dataType":"Map","value":[["C:\\Users\\29652\\Downloads\\videoPlayer-main\\videoPlayer-main\\entry\\.preview\\default\\intermediates\\router_map\\default\\temp-router-map.json",{"fileSnapShotHashValue":"c712cd11932555c5a56c12380defb13c"}],["C:\\Users\\29652\\Downloads\\videoPlayer-main\\videoPlayer-main\\entry\\.preview\\default\\intermediates\\router_map\\default\\loader-router-map.json",{"fileSnapShotHashValue":"74bf0212bd0462d111ca6fb429acc6c2"}]]}},":videoPlayer-main:entry:default@ProcessResource":{"_inputs":[{"dataType":"ValueEntry","value":"{\"_name\":\"BUILTIN_TASK_COMMAND\",\"_value\":\"\",\"_valueType\":\"string\"}"},{"dataType":"ValueEntry","value":"{\"_name\":\"BUILTIN_TASK_ENV\",\"_value\":\"\",\"_valueType\":\"string\"}"},{"dataType":"ValueEntry","value":"{\"_name\":\"BUILTIN_TASK_TOOLCHAIN\",\"_value\":\"\",\"_valueType\":\"string\"}"},{"dataType":"ValueEntry","value":"{\"_name\":\"C:\\\\Users\\\\29652\\\\Downloads\\\\videoPlayer-main\\\\videoPlayer-main\\\\entry\\\\build\\\\default\\\\intermediates\\\\res\\\\default\\\\opt-compression.json\",\"_value\":\"{\\\"context\\\":{\\\"extensionPath\\\":\\\"D:\\\\\\\\sth you need\\\\\\\\DevEco Studio\\\\\\\\sdk\\\\\\\\default\\\\\\\\hms\\\\\\\\toolchains\\\\\\\\lib\\\\\\\\libimage_transcoder_shared.dll\\\"},\\\"compression\\\":{\\\"media\\\":{\\\"enable\\\":false},\\\"filters\\\":[]}}\",\"_valueType\":\"string\"}"},{"dataType":"ValueEntry","value":"{\"_name\":\"resConfigJsonContent\",\"_value\":\"{\\\"configPath\\\":\\\"C:\\\\\\\\Users\\\\\\\\29652\\\\\\\\Downloads\\\\\\\\videoPlayer-main\\\\\\\\videoPlayer-main\\\\\\\\entry\\\\\\\\build\\\\\\\\default\\\\\\\\intermediates\\\\\\\\process_profile\\\\\\\\default\\\\\\\\module.json\\\",\\\"packageName\\\":\\\"com.itbaizhan.myapplication\\\",\\\"output\\\":\\\"C:\\\\\\\\Users\\\\\\\\29652\\\\\\\\Downloads\\\\\\\\videoPlayer-main\\\\\\\\videoPlayer-main\\\\\\\\entry\\\\\\\\build\\\\\\\\default\\\\\\\\intermediates\\\\\\\\res\\\\\\\\default\\\",\\\"moduleNames\\\":\\\"entry\\\",\\\"ResourceTable\\\":[\\\"C:\\\\\\\\Users\\\\\\\\29652\\\\\\\\Downloads\\\\\\\\videoPlayer-main\\\\\\\\videoPlayer-main\\\\\\\\entry\\\\\\\\build\\\\\\\\default\\\\\\\\generated\\\\\\\\r\\\\\\\\default\\\\\\\\ResourceTable.h\\\"],\\\"applicationResource\\\":\\\"C:\\\\\\\\Users\\\\\\\\29652\\\\\\\\Downloads\\\\\\\\videoPlayer-main\\\\\\\\videoPlayer-main\\\\\\\\AppScope\\\\\\\\resources\\\",\\\"moduleResources\\\":[\\\"C:\\\\\\\\Users\\\\\\\\29652\\\\\\\\Downloads\\\\\\\\videoPlayer-main\\\\\\\\videoPlayer-main\\\\\\\\entry\\\\\\\\src\\\\\\\\main\\\\\\\\resources\\\"],\\\"dependencies\\\":[],\\\"iconCheck\\\":true,\\\"ids\\\":\\\"C:\\\\\\\\Users\\\\\\\\29652\\\\\\\\Downloads\\\\\\\\videoPlayer-main\\\\\\\\videoPlayer-main\\\\\\\\entry\\\\\\\\build\\\\\\\\default\\\\\\\\intermediates\\\\\\\\res\\\\\\\\default\\\\\\\\ids_map\\\",\\\"definedIds\\\":\\\"C:\\\\\\\\Users\\\\\\\\29652\\\\\\\\Downloads\\\\\\\\videoPlayer-main\\\\\\\\videoPlayer-main\\\\\\\\entry\\\\\\\\build\\\\\\\\default\\\\\\\\intermediates\\\\\\\\res\\\\\\\\default\\\\\\\\ids_map\\\\\\\\id_defined.json\\\",\\\"definedSysIds\\\":\\\"D:\\\\\\\\sth you need\\\\\\\\DevEco Studio\\\\\\\\sdk\\\\\\\\default\\\\\\\\hms\\\\\\\\toolchains\\\\\\\\id_defined.json\\\"}\",\"_valueType\":\"string\"}"}],"_successful":true,"_projectName":"videoPlayer-main","_moduleName":"entry","_taskName":"default@ProcessResource","_key":":videoPlayer-main:entry:default@ProcessResource","_executionId":":videoPlayer-main:entry:default@ProcessResource:1734677416178","_inputFiles":{"dataType":"Map","value":[]},"_outputFiles":{"dataType":"Map","value":[["C:\\Users\\29652\\Downloads\\videoPlayer-main\\videoPlayer-main\\entry\\build\\default\\intermediates\\res\\default\\resConfig.json",{"isDirectory":false,"fileSnapShotHashValue":"82899f3e2fb1429020c664e05e84d364"}],["C:\\Users\\29652\\Downloads\\videoPlayer-main\\videoPlayer-main\\entry\\build\\default\\intermediates\\res\\default\\opt-compression.json",{"isDirectory":false,"fileSnapShotHashValue":"1e18e31b90f6ba29848655007fbf11cc"}]]}},":videoPlayer-main:entry:default@GenerateLoaderJson":{"_inputs":[{"dataType":"ValueEntry","value":"{\"_name\":\"BUILTIN_TASK_COMMAND\",\"_value\":\"\",\"_valueType\":\"string\",\"_hash\":\"0b5d05294fdf4e78e8482ef53eb64ac0\"}"},{"dataType":"ValueEntry","value":"{\"_name\":\"BUILTIN_TASK_ENV\",\"_value\":\"\",\"_valueType\":\"string\",\"_hash\":\"cdcdc2ec8062ca9ec1de46dbf2bbc053\"}"},{"dataType":"ValueEntry","value":"{\"_name\":\"BUILTIN_TASK_TOOLCHAIN\",\"_value\":\"\",\"_valueType\":\"string\",\"_hash\":\"e7f94a9422a8bc317a7d90b58efcb5f6\"}"},{"dataType":"ValueEntry","value":"{\"_name\":\"anBuildMode\",\"_value\":\"type\",\"_valueType\":\"string\",\"_hash\":\"de241a1eec94a2a622ff1c89f32846a2\"}"},{"dataType":"ValueEntry","value":"{\"_name\":\"apPath\",\"_value\":\"C:\\\\Users\\\\29652\\\\Downloads\\\\videoPlayer-main\\\\videoPlayer-main\\\\entry\\\\modules.ap\",\"_valueType\":\"string\",\"_hash\":\"5650c555e730de1d865e4894e13b178b\"}"},{"dataType":"ValueEntry","value":"{\"_name\":\"compatibleApiVersion\",\"_value\":10,\"_valueType\":\"number\",\"_hash\":\"f08ac304243ae5663f2ea14e1973c253\"}"},{"dataType":"ValueEntry","value":"{\"_name\":\"compileApiVersion\",\"_value\":12,\"_valueType\":\"number\",\"_hash\":\"5bc55d1554c9b9f95bf3de5259c04c8b\"}"},{"dataType":"ValueEntry","value":"{\"_name\":\"compileMode\",\"_value\":\"esmodule\",\"_valueType\":\"string\",\"_hash\":\"dacafc8e0b77a950178a0b4d142dc32c\"}"},{"dataType":"ValueEntry","value":"{\"_name\":\"fallbackAnBuild\",\"_value\":false,\"_valueType\":\"boolean\",\"_hash\":\"a63e98bb3f368ced6ed4d5579ea7ca39\"}"},{"dataType":"ValueEntry","value":"{\"_name\":\"harNameOhmMap\",\"_value\":\"{}\",\"_valueType\":\"string\",\"_hash\":\"0faf006bccbcdc2c7f04ff2d8c87894f\"}"},{"dataType":"ValueEntry","value":"{\"_name\":\"hspNameOhmMap\",\"_value\":\"{}\",\"_valueType\":\"string\",\"_hash\":\"0e2d87e0c1ed279c66bc3efb8683e5d1\"}"},{"dataType":"ValueEntry","value":"{\"_name\":\"isBundledDependencies\",\"_value\":false,\"_valueType\":\"boolean\",\"_hash\":\"a69aa552317c7a6e087cb84a5722e050\"}"},{"dataType":"ValueEntry","value":"{\"_name\":\"isByteCodeHar\",\"_value\":false,\"_valueType\":\"boolean\",\"_hash\":\"c5f9b9e5cabee4253d52d0d01ca64ba2\"}"},{"dataType":"ValueEntry","value":"{\"_name\":\"isFullCompilationEnabled\",\"_value\":true,\"_valueType\":\"boolean\",\"_hash\":\"98b683d049e4e7fc32ef1be5321fe0b6\"}"},{"dataType":"ValueEntry","value":"{\"_name\":\"isHarInTestMode\",\"_value\":false,\"_valueType\":\"boolean\",\"_hash\":\"0dab3f8a643025835188443eccef7725\"}"},{"dataType":"ValueEntry","value":"{\"_name\":\"isHarWithCoverage\",\"_value\":false,\"_valueType\":\"boolean\",\"_hash\":\"7224a86bd9c5f83cb9a1a61584afcfb4\"}"},{"dataType":"ValueEntry","value":"{\"_name\":\"modulePathMap\",\"_value\":\"{\\\"entry\\\":\\\"C:\\\\\\\\Users\\\\\\\\29652\\\\\\\\Downloads\\\\\\\\videoPlayer-main\\\\\\\\videoPlayer-main\\\\\\\\entry\\\"}\",\"_valueType\":\"string\",\"_hash\":\"c2ff929555c7f00f701cf2fd5b9446b0\"}"},{"dataType":"ValueEntry","value":"{\"_name\":\"module_dependencies\",\"_value\":\"{}\",\"_valueType\":\"string\",\"_hash\":\"974757f304b5bfd1c1454ea7a38cd0d5\"}"},{"dataType":"ValueEntry","value":"{\"_name\":\"needSubmitArkTsWidget\",\"_value\":false,\"_valueType\":\"boolean\",\"_hash\":\"dc1ab65720a503a3d9098eab280b7116\"}"},{"dataType":"ValueEntry","value":"{\"_name\":\"nodeModulesPath\",\"_value\":\"C:\\\\Users\\\\29652\\\\Downloads\\\\videoPlayer-main\\\\videoPlayer-main\\\\entry\\\\.preview\\\\default\\\\intermediates\\\\loader_out\\\\default\\\\node_modules\",\"_valueType\":\"string\",\"_hash\":\"b2a142e9e122a8d5c951e25339122fc1\"}"},{"dataType":"ValueEntry","value":"{\"_name\":\"overrides\",\"_valueType\":\"undefined\",\"_hash\":\"0e8f66f8eb79c6f33fb153c3fc3942f4\"}"},{"dataType":"ValueEntry","value":"{\"_name\":\"projectRootPath\",\"_value\":\"C:\\\\Users\\\\29652\\\\Downloads\\\\videoPlayer-main\\\\videoPlayer-main\",\"_valueType\":\"string\",\"_hash\":\"29f7a2c9a10c7c439387ccbce27162de\"}"},{"dataType":"ValueEntry","value":"{\"_name\":\"project_dependencies\",\"_value\":\"{}\",\"_valueType\":\"string\",\"_hash\":\"e15496bf1de2273597f444f07f1ca6d5\"}"},{"dataType":"ValueEntry","value":"{\"_name\":\"targetConfig\",\"_value\":\"{\\\"name\\\":\\\"default\\\",\\\"runtimeOS\\\":\\\"HarmonyOS\\\"}\",\"_valueType\":\"string\",\"_hash\":\"96bcd83382fb082c731eedf7bc0cf1dc\"}"},{"dataType":"ValueEntry","value":"{\"_name\":\"useNormalizedOHMUrl\",\"_value\":false,\"_valueType\":\"boolean\",\"_hash\":\"45c309ddef659bd1ca26b5b8988a1a78\"}"}],"_successful":true,"_projectName":"videoPlayer-main","_moduleName":"entry","_taskName":"default@GenerateLoaderJson","_key":":videoPlayer-main:entry:default@GenerateLoaderJson","_executionId":":videoPlayer-main:entry:default@GenerateLoaderJson:1736762028624","_inputFiles":{"dataType":"Map","value":[["C:\\Users\\29652\\Downloads\\videoPlayer-main\\videoPlayer-main\\entry\\.preview\\default\\intermediates\\router_map\\default\\temp-router-map.json",{"fileSnapShotHashValue":"c712cd11932555c5a56c12380defb13c"}]]},"_outputFiles":{"dataType":"Map","value":[["C:\\Users\\29652\\Downloads\\videoPlayer-main\\videoPlayer-main\\entry\\.preview\\default\\intermediates\\loader\\default\\loader.json",{"isDirectory":false,"fileSnapShotHashValue":"ac63f9a8ebf1a9e09d2a45cf301aeb8c"}]]}},":videoPlayer-main:entry:default@ProcessLibs":{"_inputs":[{"dataType":"ValueEntry","value":"{\"_name\":\"BUILTIN_TASK_COMMAND\",\"_value\":\"\",\"_valueType\":\"string\"}"},{"dataType":"ValueEntry","value":"{\"_name\":\"BUILTIN_TASK_ENV\",\"_value\":\"\",\"_valueType\":\"string\"}"},{"dataType":"ValueEntry","value":"{\"_name\":\"BUILTIN_TASK_TOOLCHAIN\",\"_value\":\"\",\"_valueType\":\"string\"}"},{"dataType":"ValueEntry","value":"{\"_name\":\"isBundledDependencies\",\"_value\":false,\"_valueType\":\"boolean\"}"},{"dataType":"ValueEntry","value":"{\"_name\":\"isByteCodeHar\",\"_value\":false,\"_valueType\":\"boolean\"}"}],"_successful":true,"_projectName":"videoPlayer-main","_moduleName":"entry","_taskName":"default@ProcessLibs","_key":":videoPlayer-main:entry:default@ProcessLibs","_executionId":":videoPlayer-main:entry:default@ProcessLibs:1734677416215","_inputFiles":{"dataType":"Map","value":[["C:\\Users\\29652\\Downloads\\videoPlayer-main\\videoPlayer-main\\build-profile.json5",{"fileSnapShotHashValue":"400248a837f6216eb81768843a41a448"}],["C:\\Users\\29652\\Downloads\\videoPlayer-main\\videoPlayer-main\\entry\\build-profile.json5",{"fileSnapShotHashValue":"45445aeab677cfd2f558d6a843e22d96"}]]},"_outputFiles":{"dataType":"Map","value":[["C:\\Users\\29652\\Downloads\\videoPlayer-main\\videoPlayer-main\\entry\\build\\default\\intermediates\\libs\\default",{"isDirectory":true,"fileSnapShotHashValue":""}]]}},":videoPlayer-main:entry:default@CompileResource":{"_inputs":[{"dataType":"ValueEntry","value":"{\"_name\":\"BUILTIN_TASK_COMMAND\",\"_value\":\"D:\\\\sth you need\\\\DevEco Studio\\\\sdk\\\\default\\\\openharmony\\\\toolchains\\\\restool.exe,-l,C:\\\\Users\\\\29652\\\\Downloads\\\\videoPlayer-main\\\\videoPlayer-main\\\\entry\\\\build\\\\default\\\\intermediates\\\\res\\\\default\\\\resConfig.json\",\"_valueType\":\"string\"}"},{"dataType":"ValueEntry","value":"{\"_name\":\"BUILTIN_TASK_ENV\",\"_value\":\"\",\"_valueType\":\"string\"}"},{"dataType":"ValueEntry","value":"{\"_name\":\"BUILTIN_TASK_TOOLCHAIN\",\"_value\":\"D:\\\\sth you need\\\\DevEco Studio\\\\sdk\\\\default\\\\openharmony\\\\toolchains\\\\restool.exe\",\"_valueType\":\"string\"}"},{"dataType":"ValueEntry","value":"{\"_name\":\"TARGET_CONFIG\",\"_value\":\"{\\\"name\\\":\\\"default\\\",\\\"runtimeOS\\\":\\\"HarmonyOS\\\"}\",\"_valueType\":\"string\"}"}],"_successful":true,"_projectName":"videoPlayer-main","_moduleName":"entry","_taskName":"default@CompileResource","_key":":videoPlayer-main:entry:default@CompileResource","_executionId":":videoPlayer-main:entry:default@CompileResource:1736759486981","_inputFiles":{"dataType":"Map","value":[["C:\\Users\\29652\\Downloads\\videoPlayer-main\\videoPlayer-main\\entry\\src\\main\\resources",{"fileSnapShotHashValue":"bf92ae5f1cf2b0a2d02b48572a9495de"}],["C:\\Users\\29652\\Downloads\\videoPlayer-main\\videoPlayer-main\\AppScope\\resources",{"fileSnapShotHashValue":"a7d9afc730b89f931242fdef809919b2"}],["C:\\Users\\29652\\Downloads\\videoPlayer-main\\videoPlayer-main\\entry\\build\\default\\intermediates\\process_profile\\default\\module.json",{"isDirectory":false,"fileSnapShotHashValue":"3eae97fce3f4877df43eaddf2122ccd8"}],["C:\\Users\\29652\\Downloads\\videoPlayer-main\\videoPlayer-main\\entry\\build\\default\\intermediates\\res\\default\\resConfig.json",{"isDirectory":false,"fileSnapShotHashValue":"82899f3e2fb1429020c664e05e84d364"}]]},"_outputFiles":{"dataType":"Map","value":[["C:\\Users\\29652\\Downloads\\videoPlayer-main\\videoPlayer-main\\entry\\build\\default\\intermediates\\res\\default",{"isDirectory":true,"fileSnapShotHashValue":"9c4b4c0b04ee1cc4886c960671f85516"}],["C:\\Users\\29652\\Downloads\\videoPlayer-main\\videoPlayer-main\\entry\\build\\default\\generated\\r\\default\\ResourceTable.h",{"isDirectory":false,"fileSnapShotHashValue":"6118f47184e0cb4c7b2f218f6d287278"}],["C:\\Users\\29652\\Downloads\\videoPlayer-main\\videoPlayer-main\\entry\\build\\default\\generated\\r\\default",{"isDirectory":true,"fileSnapShotHashValue":"3c7d2c76de1af26482bfcc7c2b8c1c73"}]]}},":videoPlayer-main:entry:default@CompileArkTS":{"_inputs":[{"dataType":"ValueEntry","value":"{\"_name\":\"debuggable\",\"_value\":true,\"_valueType\":\"boolean\"}"},{"dataType":"ValueEntry","value":"{\"_name\":\"isArk\",\"_value\":true,\"_valueType\":\"boolean\"}"},{"dataType":"ValueEntry","value":"{\"_name\":\"needCoverageInsert\",\"_value\":false,\"_valueType\":\"boolean\"}"},{"dataType":"ValueEntry","value":"{\"_name\":\"ark.tsImportSendable\",\"_value\":false,\"_valueType\":\"boolean\"}"},{"dataType":"ValueEntry","value":"{\"_name\":\"customTypes\",\"_value\":\"\",\"_valueType\":\"string\"}"},{"dataType":"ValueEntry","value":"{\"_name\":\"caseSensitiveCheck\",\"_value\":false,\"_valueType\":\"boolean\"}"},{"dataType":"ValueEntry","value":"{\"_name\":\"useNormalizedOHMUrl\",\"_value\":false,\"_valueType\":\"boolean\"}"},{"dataType":"ValueEntry","value":"{\"_name\":\"transformLib\",\"_value\":\"\",\"_valueType\":\"string\"}"},{"dataType":"ValueEntry","value":"{\"_name\":\"compatibleSdkVersionStage\",\"_value\":\"\",\"_valueType\":\"string\"}"},{"dataType":"ValueEntry","value":"{\"_name\":\"arkTsWdiget\",\"_value\":false,\"_valueType\":\"boolean\"}"},{"dataType":"ValueEntry","value":"{\"_name\":\"OBFUSCATION_ENABLE\",\"_value\":\"undefined\",\"_valueType\":\"string\"}"},{"dataType":"ValueEntry","value":"{\"_name\":\"noExternalImportByPath\",\"_value\":false,\"_valueType\":\"boolean\"}"},{"dataType":"ValueEntry","value":"{\"_name\":\"BUILTIN_TASK_COMMAND\",\"_value\":\"\",\"_valueType\":\"string\"}"},{"dataType":"ValueEntry","value":"{\"_name\":\"BUILTIN_TASK_TOOLCHAIN\",\"_value\":\"\",\"_valueType\":\"string\"}"},{"dataType":"ValueEntry","value":"{\"_name\":\"BUILTIN_TASK_ENV\",\"_value\":\"\",\"_valueType\":\"string\"}"}],"_successful":true,"_projectName":"videoPlayer-main","_moduleName":"entry","_taskName":"default@CompileArkTS","_key":":videoPlayer-main:entry:default@CompileArkTS","_executionId":":videoPlayer-main:entry:default@CompileArkTS:1736761941953","_inputFiles":{"dataType":"Map","value":[["C:\\Users\\29652\\Downloads\\videoPlayer-main\\videoPlayer-main\\entry\\build\\default\\intermediates\\loader\\default",{"isDirectory":true,"fileSnapShotHashValue":"158edb0c54a1f2f081bf1aadfbd0c942"}],["C:\\Users\\29652\\Downloads\\videoPlayer-main\\videoPlayer-main\\entry\\build\\default\\intermediates\\res\\default\\ResourceTable.txt",{"fileSnapShotHashValue":"5eb4c4916d87409afd8199fa8b369057"}],["C:\\Users\\29652\\Downloads\\videoPlayer-main\\videoPlayer-main\\entry\\build\\default\\intermediates\\res\\default\\module.json",{"fileSnapShotHashValue":"b441ad8c56fb7d9a76045c81e13598c4"}],["C:\\Users\\29652\\Downloads\\videoPlayer-main\\videoPlayer-main\\entry\\build\\default\\intermediates\\res\\default\\resources\\base\\profile",{"isDirectory":true,"fileSnapShotHashValue":"cf5b3078419b6ecb59958b334b19d965"}],["C:\\Users\\29652\\Downloads\\videoPlayer-main\\videoPlayer-main\\entry\\src\\main\\ets",{"isDirectory":true,"fileSnapShotHashValue":"55b9f132bb1b368146343cac2dd56abc"}],["C:\\Users\\29652\\Downloads\\videoPlayer-main\\videoPlayer-main\\entry\\build\\default\\generated\\profile\\default\\BuildProfile.ets",{"fileSnapShotHashValue":"7d4da9bfcfd85ff1aae8ba3959da3e0a"}]]},"_outputFiles":{"dataType":"Map","value":[["C:\\Users\\29652\\Downloads\\videoPlayer-main\\videoPlayer-main\\entry\\build\\default\\intermediates\\loader_out\\default\\ets",{"isDirectory":true,"fileSnapShotHashValue":"d9e66bfa0ca72185f24dac88a3866930"}]]}},":videoPlayer-main:entry:default@BuildJS":{"_inputs":[{"dataType":"ValueEntry","value":"{\"_name\":\"debuggable\",\"_value\":true,\"_valueType\":\"boolean\"}"},{"dataType":"ValueEntry","value":"{\"_name\":\"isArk\",\"_value\":true,\"_valueType\":\"boolean\"}"},{"dataType":"ValueEntry","value":"{\"_name\":\"needCoverageInsert\",\"_value\":false,\"_valueType\":\"boolean\"}"},{"dataType":"ValueEntry","value":"{\"_name\":\"ark.tsImportSendable\",\"_value\":false,\"_valueType\":\"boolean\"}"},{"dataType":"ValueEntry","value":"{\"_name\":\"customTypes\",\"_value\":\"\",\"_valueType\":\"string\"}"},{"dataType":"ValueEntry","value":"{\"_name\":\"caseSensitiveCheck\",\"_value\":false,\"_valueType\":\"boolean\"}"},{"dataType":"ValueEntry","value":"{\"_name\":\"useNormalizedOHMUrl\",\"_value\":false,\"_valueType\":\"boolean\"}"},{"dataType":"ValueEntry","value":"{\"_name\":\"transformLib\",\"_value\":\"\",\"_valueType\":\"string\"}"},{"dataType":"ValueEntry","value":"{\"_name\":\"compatibleSdkVersionStage\",\"_value\":\"\",\"_valueType\":\"string\"}"},{"dataType":"ValueEntry","value":"{\"_name\":\"BUILTIN_TASK_COMMAND\",\"_value\":\"\",\"_valueType\":\"string\"}"},{"dataType":"ValueEntry","value":"{\"_name\":\"BUILTIN_TASK_TOOLCHAIN\",\"_value\":\"\",\"_valueType\":\"string\"}"},{"dataType":"ValueEntry","value":"{\"_name\":\"BUILTIN_TASK_ENV\",\"_value\":\"\",\"_valueType\":\"string\"}"}],"_successful":false,"_projectName":"videoPlayer-main","_moduleName":"entry","_taskName":"default@BuildJS","_key":":videoPlayer-main:entry:default@BuildJS","_executionId":":videoPlayer-main:entry:default@BuildJS:1736761941973","_inputFiles":{"dataType":"Map","value":[["C:\\Users\\29652\\Downloads\\videoPlayer-main\\videoPlayer-main\\entry\\build\\default\\intermediates\\loader\\default",{"isDirectory":true,"fileSnapShotHashValue":"158edb0c54a1f2f081bf1aadfbd0c942"}],["C:\\Users\\29652\\Downloads\\videoPlayer-main\\videoPlayer-main\\entry\\build\\default\\intermediates\\res\\default\\ResourceTable.txt",{"fileSnapShotHashValue":"5eb4c4916d87409afd8199fa8b369057"}],["C:\\Users\\29652\\Downloads\\videoPlayer-main\\videoPlayer-main\\entry\\build\\default\\intermediates\\res\\default\\module.json",{"fileSnapShotHashValue":"b441ad8c56fb7d9a76045c81e13598c4"}],["C:\\Users\\29652\\Downloads\\videoPlayer-main\\videoPlayer-main\\entry\\build\\default\\intermediates\\res\\default\\resources\\base\\profile",{"isDirectory":true,"fileSnapShotHashValue":"cf5b3078419b6ecb59958b334b19d965"}]]},"_outputFiles":{"dataType":"Map","value":[["C:\\Users\\29652\\Downloads\\videoPlayer-main\\videoPlayer-main\\entry\\build\\default\\intermediates\\loader_out\\default\\js",{"isDirectory":true,"fileSnapShotHashValue":""}]]}},":videoPlayer-main:entry:default@DoNativeStrip":{"_inputs":[{"dataType":"ValueEntry","value":"{\"_name\":\"BUILTIN_TASK_COMMAND\",\"_value\":\"\",\"_valueType\":\"string\"}"},{"dataType":"ValueEntry","value":"{\"_name\":\"BUILTIN_TASK_ENV\",\"_value\":\"\",\"_valueType\":\"string\"}"},{"dataType":"ValueEntry","value":"{\"_name\":\"BUILTIN_TASK_TOOLCHAIN\",\"_value\":\"\",\"_valueType\":\"string\"}"}],"_successful":true,"_projectName":"videoPlayer-main","_moduleName":"entry","_taskName":"default@DoNativeStrip","_key":":videoPlayer-main:entry:default@DoNativeStrip","_executionId":":videoPlayer-main:entry:default@DoNativeStrip:1734677417310","_inputFiles":{"dataType":"Map","value":[["C:\\Users\\29652\\Downloads\\videoPlayer-main\\videoPlayer-main\\entry\\build\\default\\intermediates\\libs\\default",{"isDirectory":true,"fileSnapShotHashValue":""}]]},"_outputFiles":{"dataType":"Map","value":[["C:\\Users\\29652\\Downloads\\videoPlayer-main\\videoPlayer-main\\entry\\build\\default\\intermediates\\stripped_native_libs\\default",{"isDirectory":true,"fileSnapShotHashValue":""}]]}},":videoPlayer-main:entry:default@CacheNativeLibs":{"_inputs":[{"dataType":"ValueEntry","value":"{\"_name\":\"BUILTIN_TASK_COMMAND\",\"_value\":\"\",\"_valueType\":\"string\"}"},{"dataType":"ValueEntry","value":"{\"_name\":\"BUILTIN_TASK_ENV\",\"_value\":\"\",\"_valueType\":\"string\"}"},{"dataType":"ValueEntry","value":"{\"_name\":\"BUILTIN_TASK_TOOLCHAIN\",\"_value\":\"\",\"_valueType\":\"string\"}"}],"_successful":true,"_projectName":"videoPlayer-main","_moduleName":"entry","_taskName":"default@CacheNativeLibs","_key":":videoPlayer-main:entry:default@CacheNativeLibs","_executionId":":videoPlayer-main:entry:default@CacheNativeLibs:1734677417335","_inputFiles":{"dataType":"Map","value":[["C:\\Users\\29652\\Downloads\\videoPlayer-main\\videoPlayer-main\\entry\\build\\default\\intermediates\\libs\\default",{"isDirectory":true,"fileSnapShotHashValue":""}],["C:\\Users\\29652\\Downloads\\videoPlayer-main\\videoPlayer-main\\entry\\build\\default\\intermediates\\stripped_native_libs\\default",{"isDirectory":true,"fileSnapShotHashValue":""}]]},"_outputFiles":{"dataType":"Map","value":[["C:\\Users\\29652\\Downloads\\videoPlayer-main\\videoPlayer-main\\entry\\build\\default\\intermediates\\patch\\default\\base_native_libs.json",{"isDirectory":false,"fileSnapShotHashValue":"39e4e5014d4b11d69a6e9f20006f7461"}]]}},":videoPlayer-main:entry:default@GeneratePkgModuleJson":{"_inputs":[{"dataType":"ValueEntry","value":"{\"_name\":\"BUILTIN_TASK_COMMAND\",\"_value\":\"\",\"_valueType\":\"string\"}"},{"dataType":"ValueEntry","value":"{\"_name\":\"BUILTIN_TASK_ENV\",\"_value\":\"\",\"_valueType\":\"string\"}"},{"dataType":"ValueEntry","value":"{\"_name\":\"BUILTIN_TASK_TOOLCHAIN\",\"_value\":\"\",\"_valueType\":\"string\"}"}],"_successful":true,"_projectName":"videoPlayer-main","_moduleName":"entry","_taskName":"default@GeneratePkgModuleJson","_key":":videoPlayer-main:entry:default@GeneratePkgModuleJson","_executionId":":videoPlayer-main:entry:default@GeneratePkgModuleJson:1736759488437","_inputFiles":{"dataType":"Map","value":[["C:\\Users\\29652\\Downloads\\videoPlayer-main\\videoPlayer-main\\entry\\build\\default\\intermediates\\res\\default\\module.json",{"fileSnapShotHashValue":"b441ad8c56fb7d9a76045c81e13598c4"}]]},"_outputFiles":{"dataType":"Map","value":[["C:\\Users\\29652\\Downloads\\videoPlayer-main\\videoPlayer-main\\entry\\build\\default\\intermediates\\package\\default\\module.json",{"fileSnapShotHashValue":"b441ad8c56fb7d9a76045c81e13598c4"}]]}},":videoPlayer-main:entry:default@PackageHap":{"_inputs":[{"dataType":"ValueEntry","value":"{\"_name\":\"hotReload\",\"_value\":false,\"_valueType\":\"boolean\"}"},{"dataType":"ValueEntry","value":"{\"_name\":\"integrated_hsp\",\"_value\":false,\"_valueType\":\"boolean\"}"},{"dataType":"ValueEntry","value":"{\"_name\":\"projectConfigAppOpt\",\"_valueType\":\"undefined\"}"},{"dataType":"ValueEntry","value":"{\"_name\":\"sourceMapDir\",\"_value\":\"\",\"_valueType\":\"string\"}"},{"dataType":"ValueEntry","value":"{\"_name\":\"bundleType\",\"_value\":\"app\",\"_valueType\":\"string\"}"},{"dataType":"ValueEntry","value":"{\"_name\":\"BUILTIN_TASK_COMMAND\",\"_value\":\"java,-Dfile.encoding=GBK,-jar,D:\\\\sth you need\\\\DevEco Studio\\\\sdk\\\\default\\\\openharmony\\\\toolchains\\\\lib\\\\app_packing_tool.jar,--mode,hap,--force,true,--lib-path,C:\\\\Users\\\\29652\\\\Downloads\\\\videoPlayer-main\\\\videoPlayer-main\\\\entry\\\\build\\\\default\\\\intermediates\\\\stripped_native_libs\\\\default,--json-path,C:\\\\Users\\\\29652\\\\Downloads\\\\videoPlayer-main\\\\videoPlayer-main\\\\entry\\\\build\\\\default\\\\intermediates\\\\package\\\\default\\\\module.json,--resources-path,C:\\\\Users\\\\29652\\\\Downloads\\\\videoPlayer-main\\\\videoPlayer-main\\\\entry\\\\build\\\\default\\\\intermediates\\\\res\\\\default\\\\resources,--index-path,C:\\\\Users\\\\29652\\\\Downloads\\\\videoPlayer-main\\\\videoPlayer-main\\\\entry\\\\build\\\\default\\\\intermediates\\\\res\\\\default\\\\resources.index,--pack-info-path,C:\\\\Users\\\\29652\\\\Downloads\\\\videoPlayer-main\\\\videoPlayer-main\\\\entry\\\\build\\\\default\\\\outputs\\\\default\\\\pack.info,--out-path,C:\\\\Users\\\\29652\\\\Downloads\\\\videoPlayer-main\\\\videoPlayer-main\\\\entry\\\\build\\\\default\\\\outputs\\\\default\\\\entry-default-unsigned.hap,--ets-path,C:\\\\Users\\\\29652\\\\Downloads\\\\videoPlayer-main\\\\videoPlayer-main\\\\entry\\\\build\\\\default\\\\intermediates\\\\loader_out\\\\default\\\\ets\",\"_valueType\":\"string\"}"},{"dataType":"ValueEntry","value":"{\"_name\":\"BUILTIN_TASK_TOOLCHAIN\",\"_value\":\"D:\\\\sth you need\\\\DevEco Studio\\\\sdk\\\\default\\\\openharmony\\\\toolchains\\\\lib\\\\app_packing_tool.jar\",\"_valueType\":\"string\"}"},{"dataType":"ValueEntry","value":"{\"_name\":\"BUILTIN_TASK_ENV\",\"_value\":\"\",\"_valueType\":\"string\"}"}],"_successful":true,"_projectName":"videoPlayer-main","_moduleName":"entry","_taskName":"default@PackageHap","_key":":videoPlayer-main:entry:default@PackageHap","_executionId":":videoPlayer-main:entry:default@PackageHap:1736761943014","_inputFiles":{"dataType":"Map","value":[["C:\\Users\\29652\\Downloads\\videoPlayer-main\\videoPlayer-main\\entry\\build\\default\\intermediates\\stripped_native_libs\\default",{"isDirectory":false,"fileSnapShotHashValue":""}],["C:\\Users\\29652\\Downloads\\videoPlayer-main\\videoPlayer-main\\entry\\build\\default\\intermediates\\res\\default\\module.json",{"isDirectory":false,"fileSnapShotHashValue":"b441ad8c56fb7d9a76045c81e13598c4"}],["C:\\Users\\29652\\Downloads\\videoPlayer-main\\videoPlayer-main\\entry\\build\\default\\intermediates\\res\\default\\resources",{"isDirectory":false,"fileSnapShotHashValue":"48a3abea824eec11b701a8418de4eb87"}],["C:\\Users\\29652\\Downloads\\videoPlayer-main\\videoPlayer-main\\entry\\build\\default\\intermediates\\res\\default\\resources.index",{"isDirectory":false,"fileSnapShotHashValue":"19caeba199f44a5d670dadb52675d228"}],["C:\\Users\\29652\\Downloads\\videoPlayer-main\\videoPlayer-main\\entry\\build\\default\\outputs\\default\\pack.info",{"isDirectory":false,"fileSnapShotHashValue":"9c2b15591f4f535216fc52a4bad7de04"}],["C:\\Users\\29652\\Downloads\\videoPlayer-main\\videoPlayer-main\\entry\\build\\default\\intermediates\\loader_out\\default\\ets",{"isDirectory":false,"fileSnapShotHashValue":"d9e66bfa0ca72185f24dac88a3866930"}],["C:\\Users\\29652\\Downloads\\videoPlayer-main\\videoPlayer-main\\entry\\build\\default\\generated\\profile\\default\\BuildProfile.ets",{"fileSnapShotHashValue":"7d4da9bfcfd85ff1aae8ba3959da3e0a"}]]},"_outputFiles":{"dataType":"Map","value":[["C:\\Users\\29652\\Downloads\\videoPlayer-main\\videoPlayer-main\\entry\\build\\default\\outputs\\default\\entry-default-unsigned.hap",{"isDirectory":false,"fileSnapShotHashValue":"b42cbfea7bb7319a42bc3b98fa5a6a01"}],["C:\\Users\\29652\\Downloads\\videoPlayer-main\\videoPlayer-main\\entry\\build\\default\\outputs\\default\\mapping\\sourceMaps.map",{"fileSnapShotHashValue":"f0ec05e2c198d87323dd114277dc12fc"}]]}},":videoPlayer-main:entry:default@SignHap":{"_inputs":[{"dataType":"ValueEntry","value":"{\"_name\":\"enableSignTask\",\"_value\":true,\"_valueType\":\"boolean\"}"},{"dataType":"ValueEntry","value":"{\"_name\":\"sdkToolchainsComponentVersion\",\"_value\":\"5.0.0.71\",\"_valueType\":\"string\"}"},{"dataType":"ValueEntry","value":"{\"_name\":\"existSigningConfig\",\"_value\":false,\"_valueType\":\"boolean\"}"},{"dataType":"ValueEntry","value":"{\"_name\":\"BUILTIN_TASK_COMMAND\",\"_value\":\"\",\"_valueType\":\"string\"}"},{"dataType":"ValueEntry","value":"{\"_name\":\"BUILTIN_TASK_TOOLCHAIN\",\"_value\":\"\",\"_valueType\":\"string\"}"},{"dataType":"ValueEntry","value":"{\"_name\":\"BUILTIN_TASK_ENV\",\"_value\":\"\",\"_valueType\":\"string\"}"}],"_successful":true,"_projectName":"videoPlayer-main","_moduleName":"entry","_taskName":"default@SignHap","_key":":videoPlayer-main:entry:default@SignHap","_executionId":":videoPlayer-main:entry:default@SignHap:1736761943781","_inputFiles":{"dataType":"Map","value":[["C:\\Users\\29652\\Downloads\\videoPlayer-main\\videoPlayer-main\\entry\\build\\default\\outputs\\default\\entry-default-unsigned.hap",{"isDirectory":false,"fileSnapShotHashValue":"b42cbfea7bb7319a42bc3b98fa5a6a01"}]]},"_outputFiles":{"dataType":"Map","value":[["C:\\Users\\29652\\Downloads\\videoPlayer-main\\videoPlayer-main\\entry\\build\\default\\outputs\\default\\entry-default-signed.hap",{"isDirectory":false,"fileSnapShotHashValue":""}]]}},":videoPlayer-main:entry:default@PreviewCompileResource":{"_inputs":[{"dataType":"ValueEntry","value":"{\"_name\":\"BUILTIN_TASK_COMMAND\",\"_value\":\"\",\"_valueType\":\"string\",\"_hash\":\"0b5d05294fdf4e78e8482ef53eb64ac0\"}"},{"dataType":"ValueEntry","value":"{\"_name\":\"BUILTIN_TASK_ENV\",\"_value\":\"\",\"_valueType\":\"string\",\"_hash\":\"cdcdc2ec8062ca9ec1de46dbf2bbc053\"}"},{"dataType":"ValueEntry","value":"{\"_name\":\"BUILTIN_TASK_TOOLCHAIN\",\"_value\":\"D:\\\\sth you need\\\\DevEco Studio\\\\sdk\\\\default\\\\openharmony\\\\toolchains\\\\restool.exe\",\"_valueType\":\"string\",\"_hash\":\"ba3aff8c39934f56a90b5832b68452b0\"}"},{"dataType":"ValueEntry","value":"{\"_name\":\"PREVIEWER_REPLACE_PAGE\",\"_valueType\":\"undefined\",\"_hash\":\"3639be47d3d2ca8aebcdfcb1d2ed902c\"}"},{"dataType":"ValueEntry","value":"{\"_name\":\"PREVIEWER_REPLACE_SRCPATH\",\"_valueType\":\"undefined\",\"_hash\":\"87c8734cdd76ef404568e7fd0eb4edd7\"}"},{"dataType":"ValueEntry","value":"{\"_name\":\"TARGET_CONFIG\",\"_value\":\"{\\\"name\\\":\\\"default\\\",\\\"runtimeOS\\\":\\\"HarmonyOS\\\"}\",\"_valueType\":\"string\",\"_hash\":\"d1734598343a94c88ec5404fdcdfa944\"}"}],"_successful":true,"_projectName":"videoPlayer-main","_moduleName":"entry","_taskName":"default@PreviewCompileResource","_key":":videoPlayer-main:entry:default@PreviewCompileResource","_executionId":":videoPlayer-main:entry:default@PreviewCompileResource:1736762028636","_inputFiles":{"dataType":"Map","value":[["C:\\Users\\29652\\Downloads\\videoPlayer-main\\videoPlayer-main\\entry\\src\\main\\resources",{"fileSnapShotHashValue":"bf92ae5f1cf2b0a2d02b48572a9495de"}],["C:\\Users\\29652\\Downloads\\videoPlayer-main\\videoPlayer-main\\entry\\.preview\\default\\intermediates\\merge_profile\\default\\module.json",{"fileSnapShotHashValue":"9baac7e4a0a204e7c63a586d09303501"}]]},"_outputFiles":{"dataType":"Map","value":[["C:\\Users\\29652\\Downloads\\videoPlayer-main\\videoPlayer-main\\entry\\.preview\\default\\intermediates\\res\\default",{"isDirectory":true,"fileSnapShotHashValue":"82cc769d4fe4bff6f35ea9809f56fc0d"}],["C:\\Users\\29652\\Downloads\\videoPlayer-main\\videoPlayer-main\\entry\\.preview\\default\\generated\\r\\default",{"isDirectory":true,"fileSnapShotHashValue":"5c26a5227d1867f255d0e88b713a510b"}]]}},":videoPlayer-main:entry:default@CopyPreviewProfile":{"_inputs":[{"dataType":"ValueEntry","value":"{\"_name\":\"BUILTIN_TASK_COMMAND\",\"_value\":\"\",\"_valueType\":\"string\",\"_hash\":\"0b5d05294fdf4e78e8482ef53eb64ac0\"}"},{"dataType":"ValueEntry","value":"{\"_name\":\"BUILTIN_TASK_ENV\",\"_value\":\"\",\"_valueType\":\"string\",\"_hash\":\"cdcdc2ec8062ca9ec1de46dbf2bbc053\"}"},{"dataType":"ValueEntry","value":"{\"_name\":\"BUILTIN_TASK_TOOLCHAIN\",\"_value\":\"\",\"_valueType\":\"string\",\"_hash\":\"e7f94a9422a8bc317a7d90b58efcb5f6\"}"}],"_successful":true,"_projectName":"videoPlayer-main","_moduleName":"entry","_taskName":"default@CopyPreviewProfile","_key":":videoPlayer-main:entry:default@CopyPreviewProfile","_executionId":":videoPlayer-main:entry:default@CopyPreviewProfile:1736762029711","_inputFiles":{"dataType":"Map","value":[["C:\\Users\\29652\\Downloads\\videoPlayer-main\\videoPlayer-main\\entry\\src\\main\\resources\\base\\profile",{"fileSnapShotHashValue":"cf5b3078419b6ecb59958b334b19d965"}]]},"_outputFiles":{"dataType":"Map","value":[["C:\\Users\\29652\\Downloads\\videoPlayer-main\\videoPlayer-main\\entry\\.preview\\default\\intermediates\\res\\default\\resources\\base\\profile",{"fileSnapShotHashValue":"a74f9ef42de0003f0816cab6811c383e"}]]}},":videoPlayer-main:entry:default@PreviewUpdateAssets":{"_inputs":[{"dataType":"ValueEntry","value":"{\"_name\":\"BUILTIN_TASK_COMMAND\",\"_value\":\"\",\"_valueType\":\"string\",\"_hash\":\"0b5d05294fdf4e78e8482ef53eb64ac0\"}"},{"dataType":"ValueEntry","value":"{\"_name\":\"BUILTIN_TASK_ENV\",\"_value\":\"\",\"_valueType\":\"string\",\"_hash\":\"cdcdc2ec8062ca9ec1de46dbf2bbc053\"}"},{"dataType":"ValueEntry","value":"{\"_name\":\"BUILTIN_TASK_TOOLCHAIN\",\"_value\":\"\",\"_valueType\":\"string\",\"_hash\":\"e7f94a9422a8bc317a7d90b58efcb5f6\"}"},{"dataType":"ValueEntry","value":"{\"_name\":\"previewBuildConfigJson\",\"_value\":\"{\\\"deviceType\\\":\\\"phone\\\",\\\"checkEntry\\\":\\\"true\\\",\\\"localPropertiesPath\\\":\\\"C:\\\\\\\\Users\\\\\\\\29652\\\\\\\\Downloads\\\\\\\\videoPlayer-main\\\\\\\\videoPlayer-main\\\\\\\\local.properties\\\",\\\"Path\\\":\\\"D:\\\\\\\\sth you need\\\\\\\\DevEco Studio\\\\\\\\tools\\\\\\\\node\\\\\\\\\\\",\\\"note\\\":\\\"false\\\",\\\"aceProfilePath\\\":\\\"C:\\\\\\\\Users\\\\\\\\29652\\\\\\\\Downloads\\\\\\\\videoPlayer-main\\\\\\\\videoPlayer-main\\\\\\\\entry\\\\\\\\.preview\\\\\\\\default\\\\\\\\intermediates\\\\\\\\res\\\\\\\\default\\\\\\\\resources\\\\\\\\base\\\\\\\\profile\\\",\\\"isPreview\\\":\\\"true\\\",\\\"hapMode\\\":\\\"false\\\",\\\"buildMode\\\":\\\"debug\\\",\\\"img2bin\\\":\\\"true\\\",\\\"projectProfilePath\\\":\\\"C:\\\\\\\\Users\\\\\\\\29652\\\\\\\\Downloads\\\\\\\\videoPlayer-main\\\\\\\\videoPlayer-main\\\\\\\\build-profile.json5\\\",\\\"watchMode\\\":\\\"true\\\",\\\"appResource\\\":\\\"C:\\\\\\\\Users\\\\\\\\29652\\\\\\\\Downloads\\\\\\\\videoPlayer-main\\\\\\\\videoPlayer-main\\\\\\\\entry\\\\\\\\.preview\\\\\\\\default\\\\\\\\intermediates\\\\\\\\res\\\\\\\\default\\\\\\\\ResourceTable.txt\\\",\\\"logLevel\\\":\\\"3\\\",\\\"stageRouterConfig\\\":{\\\"contents\\\":[\\\"{\\\\\\\"module\\\\\\\":{\\\\\\\"pages\\\\\\\":\\\\\\\"$profile:main_pages\\\\\\\",\\\\\\\"name\\\\\\\":\\\\\\\"entry\\\\\\\"}}\\\",\\\"{\\\\\\\"src\\\\\\\":[\\\\\\\"pages/HomePage\\\\\\\",\\\\\\\"pages/videoPage\\\\\\\",\\\\\\\"pages/musicPage\\\\\\\"]}\\\"],\\\"paths\\\":[\\\"C:\\\\\\\\Users\\\\\\\\29652\\\\\\\\Downloads\\\\\\\\videoPlayer-main\\\\\\\\videoPlayer-main\\\\\\\\entry\\\\\\\\.preview\\\\\\\\default\\\\\\\\intermediates\\\\\\\\res\\\\\\\\default\\\\\\\\module.json\\\",\\\"C:\\\\\\\\Users\\\\\\\\29652\\\\\\\\Downloads\\\\\\\\videoPlayer-main\\\\\\\\videoPlayer-main\\\\\\\\entry\\\\\\\\.preview\\\\\\\\default\\\\\\\\intermediates\\\\\\\\res\\\\\\\\default\\\\\\\\resources\\\\\\\\base\\\\\\\\profile\\\\\\\\main_pages.json\\\"]},\\\"aceBuildJson\\\":\\\"C:\\\\\\\\Users\\\\\\\\29652\\\\\\\\Downloads\\\\\\\\videoPlayer-main\\\\\\\\videoPlayer-main\\\\\\\\entry\\\\\\\\.preview\\\\\\\\default\\\\\\\\intermediates\\\\\\\\loader\\\\\\\\default\\\\\\\\loader.json\\\",\\\"aceModuleRoot\\\":\\\"C:\\\\\\\\Users\\\\\\\\29652\\\\\\\\Downloads\\\\\\\\videoPlayer-main\\\\\\\\videoPlayer-main\\\\\\\\entry\\\\\\\\src\\\\\\\\main\\\\\\\\ets\\\",\\\"aceSoPath\\\":\\\"C:\\\\\\\\Users\\\\\\\\29652\\\\\\\\Downloads\\\\\\\\videoPlayer-main\\\\\\\\videoPlayer-main\\\\\\\\entry\\\\\\\\.preview\\\\\\\\cache\\\\\\\\nativeDependencies.txt\\\",\\\"cachePath\\\":\\\"C:\\\\\\\\Users\\\\\\\\29652\\\\\\\\Downloads\\\\\\\\videoPlayer-main\\\\\\\\videoPlayer-main\\\\\\\\entry\\\\\\\\.preview\\\\\\\\cache\\\\\\\\.default\\\",\\\"aceModuleBuild\\\":\\\"C:\\\\\\\\Users\\\\\\\\29652\\\\\\\\Downloads\\\\\\\\videoPlayer-main\\\\\\\\videoPlayer-main\\\\\\\\entry\\\\\\\\.preview\\\\\\\\default\\\\\\\\intermediates\\\\\\\\assets\\\\\\\\default\\\\\\\\ets\\\",\\\"aceModuleJsonPath\\\":\\\"C:\\\\\\\\Users\\\\\\\\29652\\\\\\\\Downloads\\\\\\\\videoPlayer-main\\\\\\\\videoPlayer-main\\\\\\\\entry\\\\\\\\.preview\\\\\\\\default\\\\\\\\intermediates\\\\\\\\res\\\\\\\\default\\\\\\\\module.json\\\"}\",\"_valueType\":\"string\",\"_hash\":\"b565db2dd4ff70d5902c49aa6695b409\"}"}],"_successful":true,"_projectName":"videoPlayer-main","_moduleName":"entry","_taskName":"default@PreviewUpdateAssets","_key":":videoPlayer-main:entry:default@PreviewUpdateAssets","_executionId":":videoPlayer-main:entry:default@PreviewUpdateAssets:1736762029722","_inputFiles":{"dataType":"Map","value":[]},"_outputFiles":{"dataType":"Map","value":[["C:\\Users\\29652\\Downloads\\videoPlayer-main\\videoPlayer-main\\entry\\.preview\\default\\intermediates\\res\\default\\module.json",{"isDirectory":false,"fileSnapShotHashValue":"54d25ffec1603f2100b419a89b3db277"}],["C:\\Users\\29652\\Downloads\\videoPlayer-main\\videoPlayer-main\\entry\\.preview\\default\\intermediates\\res\\default\\resources\\base\\profile\\main_pages.json",{"isDirectory":false,"fileSnapShotHashValue":"c2d6bfcf89697dbeff0c084d5945a187"}]]}},":videoPlayer-main:entry:default@PreviewArkTS":{"_inputs":[{"dataType":"ValueEntry","value":"{\"_name\":\"debuggable\",\"_value\":true,\"_valueType\":\"boolean\"}"},{"dataType":"ValueEntry","value":"{\"_name\":\"isArk\",\"_value\":true,\"_valueType\":\"boolean\"}"},{"dataType":"ValueEntry","value":"{\"_name\":\"needCoverageInsert\",\"_value\":false,\"_valueType\":\"boolean\"}"},{"dataType":"ValueEntry","value":"{\"_name\":\"ark.tsImportSendable\",\"_value\":false,\"_valueType\":\"boolean\"}"},{"dataType":"ValueEntry","value":"{\"_name\":\"customTypes\",\"_value\":\"\",\"_valueType\":\"string\"}"},{"dataType":"ValueEntry","value":"{\"_name\":\"caseSensitiveCheck\",\"_value\":false,\"_valueType\":\"boolean\"}"},{"dataType":"ValueEntry","value":"{\"_name\":\"useNormalizedOHMUrl\",\"_value\":false,\"_valueType\":\"boolean\"}"},{"dataType":"ValueEntry","value":"{\"_name\":\"transformLib\",\"_value\":\"\",\"_valueType\":\"string\"}"},{"dataType":"ValueEntry","value":"{\"_name\":\"compatibleSdkVersionStage\",\"_value\":\"\",\"_valueType\":\"string\"}"},{"dataType":"ValueEntry","value":"{\"_name\":\"arkTsWdiget\",\"_value\":false,\"_valueType\":\"boolean\"}"},{"dataType":"ValueEntry","value":"{\"_name\":\"OBFUSCATION_ENABLE\",\"_value\":\"undefined\",\"_valueType\":\"string\"}"},{"dataType":"ValueEntry","value":"{\"_name\":\"noExternalImportByPath\",\"_value\":false,\"_valueType\":\"boolean\"}"},{"dataType":"ValueEntry","value":"{\"_name\":\"BUILTIN_TASK_COMMAND\",\"_value\":\"\",\"_valueType\":\"string\"}"},{"dataType":"ValueEntry","value":"{\"_name\":\"BUILTIN_TASK_TOOLCHAIN\",\"_value\":\"\",\"_valueType\":\"string\"}"},{"dataType":"ValueEntry","value":"{\"_name\":\"BUILTIN_TASK_ENV\",\"_value\":\"\",\"_valueType\":\"string\"}"}],"_successful":true,"_projectName":"videoPlayer-main","_moduleName":"entry","_taskName":"default@PreviewArkTS","_key":":videoPlayer-main:entry:default@PreviewArkTS","_executionId":":videoPlayer-main:entry:default@PreviewArkTS:1736766203257","_inputFiles":{"dataType":"Map","value":[["C:\\Users\\29652\\Downloads\\videoPlayer-main\\videoPlayer-main\\entry\\.preview\\default\\intermediates\\loader\\default",{"isDirectory":true,"fileSnapShotHashValue":"9b866f8c53fd3553cb98c081c6aac4f9"}],["C:\\Users\\29652\\Downloads\\videoPlayer-main\\videoPlayer-main\\entry\\.preview\\default\\intermediates\\res\\default\\ResourceTable.txt",{"fileSnapShotHashValue":"8477211ea9a345fdd3feb295e0726804"}],["C:\\Users\\29652\\Downloads\\videoPlayer-main\\videoPlayer-main\\entry\\.preview\\default\\intermediates\\res\\default\\module.json",{"fileSnapShotHashValue":"54d25ffec1603f2100b419a89b3db277"}],["C:\\Users\\29652\\Downloads\\videoPlayer-main\\videoPlayer-main\\entry\\.preview\\default\\intermediates\\res\\default\\resources\\base\\profile",{"isDirectory":true,"fileSnapShotHashValue":"a74f9ef42de0003f0816cab6811c383e"}],["C:\\Users\\29652\\Downloads\\videoPlayer-main\\videoPlayer-main\\entry\\src\\main\\ets",{"isDirectory":true,"fileSnapShotHashValue":"35adaa8b353a8e13efe452517da43a02"}],["C:\\Users\\29652\\Downloads\\videoPlayer-main\\videoPlayer-main\\entry\\.preview\\default\\generated\\profile\\default\\BuildProfile.ets",{"fileSnapShotHashValue":"fb38ba4f655911be4bad49aedc74c4d3"}]]},"_outputFiles":{"dataType":"Map","value":[["C:\\Users\\29652\\Downloads\\videoPlayer-main\\videoPlayer-main\\entry\\.preview\\default\\intermediates\\loader_out\\default\\ets",{"isDirectory":true,"fileSnapShotHashValue":""}]]}}}