{
  "float": [
    {
      "name": "logo_image_size",
      "value": "80"
    },{
      "name": "logo_margin_top",
      "value": "100"
    },{
      "name": "logo_margin_bottom",
      "value": "20"
    },
    {
      "name": "login_title_font_size",
      "value": "65"
    },
    {
      "name": "login_more_margin_top",
      "value": "10"
    },
    {
      "name": "login_more_margin_bottom",
      "value": "10"
    },
    {
      "name": "login_more_font_size",
      "value": "20"
    },
    {
      "name": "placeholder_height",
      "value": "50"
    },
    {
      "name": "page_title_text_size",
      "value": "30"
    }
  ]
}