{
  "string": [
    {
      "name": "module_desc",
      "value": "module description"
    },
    {
      "name": "EntryAbility_desc",
      "value": "description"
    },
    {
      "name": "EntryAbility_label",
      "value": "label"
    },
    {
      "name": "empty",
      "value": "empty"
    },
    {
      "name": "login_title",
      "value": "登录界面"
    },
    {
      "name": "signup_title",
      "value": "注册界面"
    },
    {
      "name": "login_more_text",
      "value": "登录账号以便使用更多功能"
    },
    {
      "name": "account",
      "value": "请输入您的账号"
    },
    {
      "name": "password",
      "value": "请输入您的密码"
    },
    {
      "name": "password1",
      "value": "请重复密码"
    }
  ]
}