{
  "entry|entry|1.0.0|src/main/ets/entryability/EntryAbility.ts": {
    "version": 3,
    "file": "EntryAbility.ts",
    "sourceRoot": "",
    "sources": [
      "entry/src/main/ets/entryability/EntryAbility.ts"
    ],
    "names": [],
    "mappings": "OAAO,SAAS;OACT,KAAK;YACL,MAAM;AAEb,MAAM,CAAC,OAAO,OAAO,YAAa,SAAQ,SAAS;IACjD,QAAQ,CAAC,IAAI,EAAE,WAAW;QACxB,KAAK,CAAC,IAAI,CAAC,MAAM,EAAE,SAAS,EAAE,YAAY,EAAE,kBAAkB,CAAC,CAAC;IAClE,CAAC;IAED,SAAS;QACP,KAAK,CAAC,IAAI,CAAC,MAAM,EAAE,SAAS,EAAE,YAAY,EAAE,mBAAmB,CAAC,CAAC;IACnE,CAAC;IAED,mBAAmB,CAAC,WAAW,EAAE,MAAM,CAAC,WAAW;QACjD,yDAAyD;QACzD,KAAK,CAAC,IAAI,CAAC,MAAM,EAAE,SAAS,EAAE,YAAY,EAAE,6BAA6B,CAAC,CAAC;QAE3E,WAAW,CAAC,WAAW,CAAC,gBAAgB,EAAE,CAAC,GAAG,EAAE,IAAI,EAAE,EAAE;YACtD,IAAI,GAAG,CAAC,IAAI,EAAE;gBACZ,KAAK,CAAC,KAAK,CAAC,MAAM,EAAE,SAAS,EAAE,+CAA+C,EAAE,IAAI,CAAC,SAAS,CAAC,GAAG,CAAC,IAAI,EAAE,CAAC,CAAC;gBAC3G,OAAO;aACR;YACD,KAAK,CAAC,IAAI,CAAC,MAAM,EAAE,SAAS,EAAE,oDAAoD,EAAE,IAAI,CAAC,SAAS,CAAC,IAAI,CAAC,IAAI,EAAE,CAAC,CAAC;QAClH,CAAC,CAAC,CAAC;IACL,CAAC;IAED,oBAAoB;QAClB,yDAAyD;QACzD,KAAK,CAAC,IAAI,CAAC,MAAM,EAAE,SAAS,EAAE,YAAY,EAAE,8BAA8B,CAAC,CAAC;IAC9E,CAAC;IAED,YAAY;QACV,oCAAoC;QACpC,KAAK,CAAC,IAAI,CAAC,MAAM,EAAE,SAAS,EAAE,YAAY,EAAE,sBAAsB,CAAC,CAAC;IACtE,CAAC;IAED,YAAY;QACV,iCAAiC;QACjC,KAAK,CAAC,IAAI,CAAC,MAAM,EAAE,SAAS,EAAE,YAAY,EAAE,sBAAsB,CAAC,CAAC;IACtE,CAAC;CACF",
    "entry-package-info": "entry|1.0.0"
  },
  "entry|entry|1.0.0|src/main/ets/model/VideoController.ts": {
    "version": 3,
    "file": "VideoController.ets",
    "sourceRoot": "",
    "sources": [
      "entry/src/main/ets/model/VideoController.ets"
    ],
    "names": [],
    "mappings": "AACA;;;;GAIG;AACH,MAAM,UAAU,gBAAgB,CAAC,KAAK,EAAE,MAAM,GAAG,MAAM;IACrD,IAAI,MAAM,EAAE,MAAM,GAAG,KAAK,GAAG,EAAE,CAAC;IAChC,IAAI,GAAG,EAAE,MAAM,GAAG,MAAM,CAAC,QAAQ,CAAC,CAAC,KAAK,GAAG,EAAE,CAAC,CAAC,QAAQ,EAAE,CAAC,CAAA;IAC1D,IAAI,IAAI,GAAG,GAAG,GAAG,EAAE,CAAC,CAAC,CAAC,GAAG,CAAC,GAAG,GAAG,EAAE,CAAA,CAAC,CAAC,GAAG,CAAC;IACxC,IAAI,GAAG,GAAG,MAAM,GAAG,EAAE,CAAC,CAAC,CAAC,GAAG,CAAC,GAAG,MAAM,EAAE,CAAA,CAAC,CAAC,MAAM,CAAC;IAChD,IAAI,OAAO,GAAG,GAAG,IAAI,IAAI,GAAG,EAAE,CAAC;IAC/B,OAAO,OAAO,CAAC;AACjB,CAAC",
    "entry-package-info": "entry|1.0.0"
  },
  "entry|entry|1.0.0|src/main/ets/pages/HomePage.ts": {
    "version": 3,
    "file": "HomePage.ets",
    "sourceRoot": "",
    "sources": [
      "entry/src/main/ets/pages/HomePage.ets"
    ],
    "names": [],
    "mappings": ";;;;IAQU,UAAU,GAAE,cAAc;IAC3B,WAAW,GAAE,MAAM;IACnB,QAAQ,GAAE,MAAM;;OAVlB,EAAE,UAAU,EAAE,WAAW,EAAE;OAC3B,IAAI;MAMJ,QAAQ;IAFf;;;;;0BAGuC,IAAI,cAAc,EAAE;0DAC5B,CAAC;uDACJ,CAAC;;;KATC;;;;;;;;;;;;;;;;;;;;;;;;IAO5B,OAAO,aAAa,cAAc,CAAwB;IAC1D,gDAAoB,MAAM,EAAK,CAAC,aAAa;QAAtC,WAAW;;;QAAX,WAAW,WAAE,MAAM;;;IAC1B,6CAAiB,MAAM,EAAK,CAAC,aAAa;QAAnC,QAAQ;;;QAAR,QAAQ,WAAE,MAAM;;;IACd,QAAQ;;YACf,MAAM;;YAAN,MAAM,CAUL,MAAM,CAAC,EAAC,GAAG,EAAC,CAAC,EAAE,MAAM,EAAC,CAAC,EAAC;YAVzB,MAAM,CAWL,KAAK,CAAC,MAAM;YAXb,MAAM,CAYL,MAAM,CAAC,GAAG;YAZX,MAAM,CAcL,OAAO,CAAC,GAAG,EAAE;gBACZ,IAAI,CAAC,WAAW,GAAG,CAAC,CAAC;gBACrB,IAAI,CAAC,UAAU,CAAC,WAAW,CAAC,IAAI,CAAC,WAAW,CAAC,CAAC;YAChD,CAAC;;;YAhBC,IAAI,QAAC,QAAQ;;YAAb,IAAI,CACD,UAAU,CAAC,YAAY;YAD1B,IAAI,CAED,SAAS,CAAC,IAAI,CAAC,WAAW,IAAI,CAAC,CAAC,CAAC,CAAC,SAAS,CAAA,CAAC,CAAA,KAAK,CAAC,IAAI;YAFzD,IAAI,CAGD,QAAQ,CAAC,EAAE;YAHd,IAAI,CAID,UAAU,CAAC,UAAU,CAAC,IAAI;;QAJ7B,IAAI;;YAKJ,IAAI,QAAC,IAAI;;YAAT,IAAI,CACD,QAAQ,CAAC,EAAE;YADd,IAAI,CAED,SAAS,CAAC,IAAI,CAAC,WAAW,IAAI,CAAC,CAAC,CAAC,CAAC,SAAS,CAAA,CAAC,CAAA,KAAK,CAAC,IAAI;;QAFzD,IAAI;QANN,MAAM;KAkBP;IAEQ,QAAQ;;YACf,MAAM;;YAAN,MAAM,CAUL,MAAM,CAAC,GAAG;YAVX,MAAM,CAWL,KAAK,CAAC,MAAM;YAXb,MAAM,CAYL,MAAM,CAAC,EAAC,GAAG,EAAC,CAAC,EAAE,MAAM,EAAC,CAAC,EAAC;YAZzB,MAAM,CAaL,OAAO,CAAC,GAAG,EAAE;gBACZ,IAAI,CAAC,WAAW,GAAG,CAAC,CAAC;gBACrB,IAAI,CAAC,UAAU,CAAC,WAAW,CAAC,IAAI,CAAC,WAAW,CAAC,CAAC;YAChD,CAAC;;;YAfC,IAAI,QAAC,QAAQ;;YAAb,IAAI,CACD,UAAU,CAAC,YAAY;YAD1B,IAAI,CAED,SAAS,CAAC,IAAI,CAAC,WAAW,IAAI,CAAC,CAAC,CAAC,CAAC,SAAS,CAAA,CAAC,CAAA,KAAK,CAAC,IAAI;YAFzD,IAAI,CAGD,QAAQ,CAAC,EAAE;YAHd,IAAI,CAID,UAAU,CAAC,UAAU,CAAC,IAAI;;QAJ7B,IAAI;;YAKJ,IAAI,QAAC,IAAI;;YAAT,IAAI,CACD,QAAQ,CAAC,EAAE;YADd,IAAI,CAED,SAAS,CAAC,IAAI,CAAC,WAAW,IAAI,CAAC,CAAC,CAAC,CAAC,SAAS,CAAA,CAAC,CAAA,KAAK,CAAC,IAAI;;QAFzD,IAAI;QANN,MAAM;KAiBP;IAEQ,WAAW;;YAClB,MAAM;;YAAN,MAAM,CAWL,KAAK,CAAC,MAAM;YAXb,MAAM,CAYL,MAAM,CAAC,GAAG;YAZX,MAAM,CAaL,MAAM,CAAC,EAAC,GAAG,EAAC,CAAC,EAAE,MAAM,EAAC,CAAC,EAAC;YAbzB,MAAM,CAcL,OAAO,CAAC,GAAG,EAAE;gBACZ,IAAI,CAAC,WAAW,GAAG,CAAC,CAAC;gBACrB,IAAI,CAAC,UAAU,CAAC,WAAW,CAAC,IAAI,CAAC,WAAW,CAAC,CAAC;YAChD,CAAC;;;YAhBC,IAAI,QAAC,QAAQ;;YAAb,IAAI,CACD,UAAU,CAAC,YAAY;YAD1B,IAAI,CAED,SAAS,CAAC,IAAI,CAAC,WAAW,IAAI,CAAC,CAAC,CAAC,CAAC,SAAS,CAAA,CAAC,CAAA,KAAK,CAAC,IAAI;YAFzD,IAAI,CAGD,QAAQ,CAAC,EAAE;YAHd,IAAI,CAID,UAAU,CAAC,UAAU,CAAC,IAAI;;QAJ7B,IAAI;;YAKJ,IAAI,QAAC,IAAI;;YAAT,IAAI,CACD,QAAQ,CAAC,EAAE;YADd,IAAI,CAED,SAAS,CAAC,IAAI,CAAC,WAAW,IAAI,CAAC,CAAC,CAAC,CAAC,SAAS,CAAA,CAAC,CAAA,KAAK,CAAC,IAAI;;QAFzD,IAAI;QANN,MAAM;KAkBP;IAED,aAAa,IAAI,IAAI;QACnB,IAAI,CAAC,YAAY,CAAC;YAChB,UAAU,EAAC,YAAY;YACvB,SAAS,EAAC,qBAAqB;SAChC,CAAC,CAAA;IACJ,CAAC;IAED;;YACE,MAAM;;YAAN,MAAM,CAoDL,KAAK,CAAC,MAAM;YApDb,MAAM,CAqDL,MAAM,CAAC,MAAM;YArDd,MAAM,CAsDL,eAAe,CAAC,SAAS;;;YArDxB,kBAAkB;YAClB,GAAG;;YADH,kBAAkB;YAClB,GAAG,CAmBF,MAAM,CAAC,EAAC,MAAM,EAAC,EAAE,EAAC;YApBnB,kBAAkB;YAClB,GAAG,CAoBF,cAAc,CAAC,SAAS,CAAC,YAAY;YArBtC,kBAAkB;YAClB,GAAG,CAqBF,KAAK,CAAC,MAAM;YAtBb,kBAAkB;YAClB,GAAG,CAsBF,MAAM,CAAC,EAAE;;;YArBR,GAAG;;YAAH,GAAG,CAID,MAAM,CAAC,EAAE,IAAI,EAAC,EAAE,EAAE;;;YAHlB,IAAI,QAAC,QAAQ;;YAAb,IAAI,CACD,UAAU,CAAC,YAAY;YAD1B,IAAI,CAED,QAAQ,CAAC,EAAE;;QAFd,IAAI;QADN,GAAG;;;YAKH,iBAAiB;YACjB,IAAI,IAAI,CAAC,WAAW,GAAC,CAAC,EAAC;;;wBACrB,GAAG;;wBAAH,GAAG,CAQD,MAAM,CAAC,EAAE,KAAK,EAAC,EAAE,EAAE;;;wBAPnB,IAAI,QAAC,QAAQ;;wBAAb,IAAI,CACD,UAAU,CAAC,YAAY;wBAD1B,IAAI,CAED,QAAQ,CAAC,EAAE;wBAFd,IAAI,CAGD,MAAM,CAAC,EAAE,KAAK,EAAC,EAAE,EAAE;;oBAHtB,IAAI;;wBAIJ,IAAI,QAAC,QAAQ;;wBAAb,IAAI,CACD,UAAU,CAAC,YAAY;wBAD1B,IAAI,CAED,QAAQ,CAAC,EAAE;;oBAFd,IAAI;oBALN,GAAG;;aASJ;;;;aAAA;;;QAlBH,kBAAkB;QAClB,GAAG;;YAwBH,SAAS;YACT,GAAG;;YADH,SAAS;YACT,GAAG,CAqBF,KAAK,CAAC,MAAM;;;YApBX,IAAI,QAAC,EAAC,WAAW,EAAC,WAAW,CAAC,GAAG,EAAE,UAAU,EAAE,IAAI,CAAC,UAAU,EAAE;;YAAhE,IAAI,CAaF,OAAO,CAAC,OAAO,CAAC,KAAK;YAbvB,IAAI,CAcH,QAAQ,CAAC,CAAC,WAAW,EAAE,MAAM,EAAE,EAAE;gBAChC,IAAI,CAAC,WAAW,GAAG,WAAW,CAAC;YACjC,CAAC;;;;;;;oDAdG,WAAW;;;;;;;;;;;;;uBACX,MAAM;oBAAC,IAAI,CAAC,QAAQ;;;;;;;;;;oDAGpB,WAAW;;;;;;;;;;;;;uBACX,MAAM;oBAAC,IAAI,CAAC,QAAQ;;;;;;;;;;oDAGpB,UAAU;;;;;;;;;;;;;uBACV,MAAM;oBAAC,IAAI,CAAC,WAAW;;;;;QAX3B,IAAI;QAFN,SAAS;QACT,GAAG;QA3BL,MAAM;KAuDP",
    "entry-package-info": "entry|1.0.0"
  },
  "entry|entry|1.0.0|src/main/ets/pages/musicPage.ts": {
    "version": 3,
    "file": "musicPage.ets",
    "sourceRoot": "",
    "sources": [
      "entry/src/main/ets/pages/musicPage.ets"
    ],
    "names": [],
    "mappings": ";;;;IASU,OAAO,GAAC,MAAM;IACd,SAAS,GAAC,MAAM;IAChB,UAAU,GAAE,MAAM;IAClB,MAAM,GAAE,MAAM;IACb,MAAM,GAAE,OAAO;IACf,QAAQ,GAAE,CAAC,GAAG,CAAC,GAAG,CAAC;IACnB,SAAS,GAAE,OAAO;IAC3B,UAAU,GAAE,eAAe;IAClB,SAAS,GAAE,OAAO;IAClB,WAAW,GAAE,MAAM;IACnB,IAAI,GAAE,OAAO;;OAnBjB,IAAI;OACJ,MAAM;OACN,EAAE,WAAW,EAAE;MAMf,SAAS;IAFhB;;;;;uBAG4B,CAAC,MAAM,CAAC,SAAS,EAAE,IAAI,MAAM,CAAC,MAAM,EAAE,MAAM,CAAC,CAAC,CAAC,OAAO,IAAI,MAAM;yBAC9D,CAAC,MAAM,CAAC,SAAS,EAAE,IAAI,MAAM,CAAC,MAAM,EAAE,MAAM,CAAC,CAAC,CAAC,SAAS,IAAI,MAAM;0BAChE,CAAC,MAAM,CAAC,SAAS,EAAE,IAAI,MAAM,CAAC,MAAM,EAAE,MAAM,CAAC,CAAC,CAAC,UAAU,IAAI,MAAM;sBACxE,CAAC,MAAM,CAAC,SAAS,EAAE,IAAI,MAAM,CAAC,MAAM,EAAE,MAAM,CAAC,CAAC,CAAC,MAAM,IAAI,MAAM;qDAC7D,KAAK;;uDACD,CAAC;;wDACF,KAAK;;0BACL,IAAI,eAAe,EAAE;wDACrB,KAAK;;0DACJ,CAAC;;mDACP,KAAK;;;;KAjBkB;;;;;;;;;;;;;;;;;;;;;;;;;;;;;;;;;;;;;;;;;;;;;;;;;;;;;;;;IAOhD,OAAO,UAAS,MAAM,CAAqE;IAC3F,OAAO,YAAW,MAAM,CAAuE;IAC/F,OAAO,aAAa,MAAM,CAAwE;IAClG,OAAO,SAAS,MAAM,CAAmE;IACzF,2CAAiB,OAAO,EAAQ;QAAvB,MAAM;;;QAAN,MAAM,WAAE,OAAO;;;IACxB,6CAAmB,CAAC,GAAG,CAAC,GAAG,CAAC,EAAI;QAAvB,QAAQ;;;QAAR,QAAQ,WAAE,CAAC,GAAG,CAAC,GAAG,CAAC;;;IAC5B,8CAAoB,OAAO,EAAQ;QAA1B,SAAS;;;QAAT,SAAS,WAAE,OAAO;;;IAC3B,oBAAY,eAAe,CAAyB;IACpD,8CAAoB,OAAO,EAAQ;QAA1B,SAAS;;;QAAT,SAAS,WAAE,OAAO;;;IAC3B,gDAAsB,MAAM,EAAI;QAAvB,WAAW;;;QAAX,WAAW,WAAE,MAAM;;;IAC5B,yCAAe,OAAO,EAAQ;QAArB,IAAI;;;QAAJ,IAAI,WAAE,OAAO;;;IAEtB,aAAa;QACX,IAAI,CAAC,MAAM,CAAA;QACX,IAAI,CAAC,YAAY,CAAC;YAChB,UAAU,EAAC,YAAY;YACvB,SAAS,EAAC,qBAAqB;SAChC,CAAC,CAAA;IACJ,CAAC;IAED,UAAU;QACR,IAAI,CAAC,UAAU,CAAC,KAAK,EAAE,CAAA;IACzB,CAAC;IAED;;YACI,KAAK;;YAAL,KAAK,CAoCN,MAAM,CAAC,MAAM;;;;YAnCV,aAAa;YACb,IAAG,CAAC,IAAI,CAAC,MAAM,IAAI,CAAC,IAAI,CAAC,SAAS,EAAE;;;wBAClC,IAAI,QAAC,QAAQ;;wBAAb,IAAI,CACD,UAAU,CAAC,YAAY;wBAD1B,IAAI,CAED,SAAS,CAAC,KAAK,CAAC,IAAI;wBAFvB,IAAI,CAGD,QAAQ,CAAC,EAAE;wBAHd,IAAI,CAID,MAAM,CAAC,CAAC;;oBAJX,IAAI;;aAKL;YACD,SAAS;;;;aADR;;;;;YACD,SAAS;YACT,IAAG,IAAI,CAAC,SAAS,EAAE;;;wBACjB,QAAQ,QAAC;4BACP,KAAK,EAAE,CAAC;4BACR,KAAK,EAAE,GAAG;4BACV,IAAI,EAAE,YAAY,CAAC,SAAS;yBAC7B;;wBAJD,QAAQ,CAKL,KAAK,CAAC,KAAK,CAAC,GAAG;wBALlB,QAAQ,CAML,KAAK,CAAC,IAAI,CAAC,WAAW;wBANzB,QAAQ,CAOL,KAAK,CAAC,EAAE;wBAPX,QAAQ,CAQL,KAAK,CAAC;4BACL,WAAW,EAAE,EAAE;4BACf,UAAU,EAAE,EAAE;4BACd,UAAU,EAAE,CAAC;yBACd;wBAZH,QAAQ,CAaL,MAAM,CAAC,CAAC;;;aACV;YACH,MAAM;;;;aADH;;;;;uBASA,MAAM,CAAC,CAAC;;;;;;oBARX,MAAM;oBACN,WAAW,OAAC;wBACV,OAAO,EAAC,IAAI,CAAC,OAAO;wBACpB,SAAS,EAAC,IAAI,CAAC,SAAS;wBACxB,MAAM,EAAE,IAAI,CAAC,MAAM;wBACnB,WAAW,EAAC,IAAI,CAAC,UAAU;wBAC3B,UAAU,EAAE,IAAI,CAAC,UAAU;qBAC5B;;;;4BALC,OAAO,EAAC,IAAI,CAAC,OAAO;4BACpB,SAAS,EAAC,IAAI,CAAC,SAAS;4BACxB,MAAM,EAAE,IAAI,CAAC,MAAM;4BACnB,WAAW,EAAC,IAAI,CAAC,UAAU;4BAC3B,UAAU,EAAE,IAAI,CAAC,UAAU;;;;;;;;;;;QAhC/B,KAAK;KAqCR",
    "entry-package-info": "entry|1.0.0"
  },
  "entry|entry|1.0.0|src/main/ets/pages/videoPage.ts": {
    "version": 3,
    "file": "videoPage.ets",
    "sourceRoot": "",
    "sources": [
      "entry/src/main/ets/pages/videoPage.ets"
    ],
    "names": [],
    "mappings": ";;;;IASU,UAAU,GAAE,MAAM;IAClB,MAAM,GAAE,MAAM;IACb,MAAM,GAAE,OAAO;IACf,QAAQ,GAAE,CAAC,GAAG,CAAC,GAAG,CAAC;IACnB,SAAS,GAAE,OAAO;IAC3B,UAAU,GAAE,eAAe;IAClB,SAAS,GAAE,OAAO;IAClB,WAAW,GAAE,MAAM;IACnB,IAAI,GAAE,OAAO;IACb,WAAW,GAAC,OAAO;;OAlBvB,IAAI;OACJ,MAAM;OACN,EAAE,WAAW,EAAE;MAMf,SAAS;IAFhB;;;;;0BAGgC,CAAC,MAAM,CAAC,SAAS,EAAE,IAAI,MAAM,CAAC,MAAM,EAAE,MAAM,CAAC,CAAC,CAAC,UAAU,IAAI,MAAM;sBACxE,CAAC,MAAM,CAAC,SAAS,EAAE,IAAI,MAAM,CAAC,MAAM,EAAE,MAAM,CAAC,CAAC,CAAC,MAAM,IAAI,MAAM;qDAC7D,KAAK;;uDACD,CAAC;;wDACF,KAAK;;0BACL,IAAI,eAAe,EAAE;wDACrB,KAAK;;0DACJ,CAAC;;mDACP,KAAK;;0DACC,IAAI;;;;KAhBa;;;;;;;;;;;;;;;;;;;;;;;;;;;;;;;;;;;;;;;;;;;;;;;;;;;;;;;IAOhD,OAAO,aAAa,MAAM,CAAwE;IAClG,OAAO,SAAS,MAAM,CAAmE;IACzF,2CAAiB,OAAO,EAAQ;QAAvB,MAAM;;;QAAN,MAAM,WAAE,OAAO;;;IACxB,6CAAmB,CAAC,GAAG,CAAC,GAAG,CAAC,EAAI;QAAvB,QAAQ;;;QAAR,QAAQ,WAAE,CAAC,GAAG,CAAC,GAAG,CAAC;;;IAC5B,8CAAoB,OAAO,EAAQ;QAA1B,SAAS;;;QAAT,SAAS,WAAE,OAAO;;;IAC3B,oBAAY,eAAe,CAAyB;IACpD,8CAAoB,OAAO,EAAQ;QAA1B,SAAS;;;QAAT,SAAS,WAAE,OAAO;;;IAC3B,gDAAsB,MAAM,EAAI;QAAvB,WAAW;;;QAAX,WAAW,WAAE,MAAM;;;IAC5B,yCAAe,OAAO,EAAQ;QAArB,IAAI;;;QAAJ,IAAI,WAAE,OAAO;;;IACtB,gDAAqB,OAAO,EAAO;QAA1B,WAAW;;;QAAX,WAAW,WAAC,OAAO;;;IAC5B,aAAa;QACX,IAAI,CAAC,MAAM,CAAA;QACX,IAAI,CAAC,YAAY,CAAC;YAChB,UAAU,EAAC,YAAY;YACvB,SAAS,EAAC,qBAAqB;SAChC,CAAC,CAAA;IACJ,CAAC;IAED,UAAU;QACR,IAAI,CAAC,UAAU,CAAC,KAAK,EAAE,CAAA;IACzB,CAAC;IAED;;YACE,MAAM;;YAAN,MAAM,CA6CL,MAAM,CAAC,MAAM;YA7Cd,MAAM,CA8CL,eAAe,CAAC,KAAK,CAAC,KAAK;;;YA7C1B,KAAK;;;;;YACH,aAAa;YACb,IAAG,CAAC,IAAI,CAAC,MAAM,IAAI,CAAC,IAAI,CAAC,SAAS,EAAE;;;wBAClC,IAAI,QAAC,QAAQ;;wBAAb,IAAI,CACD,UAAU,CAAC,YAAY;wBAD1B,IAAI,CAED,SAAS,CAAC,KAAK,CAAC,IAAI;wBAFvB,IAAI,CAGD,QAAQ,CAAC,EAAE;wBAHd,IAAI,CAID,MAAM,CAAC,CAAC;;oBAJX,IAAI;;aAKL;YACD,MAAM;;;;aADL;;;;;YACD,MAAM;YACN,IAAG,IAAI,CAAC,SAAS,EAAE;;;wBACjB,QAAQ,QAAC;4BACP,KAAK,EAAE,CAAC;4BACR,KAAK,EAAE,GAAG;4BACV,IAAI,EAAE,YAAY,CAAC,SAAS;yBAC7B;;wBAJD,QAAQ,CAKL,KAAK,CAAC,KAAK,CAAC,GAAG;wBALlB,QAAQ,CAML,KAAK,CAAC,IAAI,CAAC,WAAW;wBANzB,QAAQ,CAOL,KAAK,CAAC,EAAE;wBAPX,QAAQ,CAQL,KAAK,CAAC;4BACL,WAAW,EAAE,EAAE;4BACf,UAAU,EAAE,EAAE;4BACd,UAAU,EAAE,CAAC;yBACd;wBAZH,QAAQ,CAaL,MAAM,CAAC,CAAC;;;aACZ;;;;aAAA;;;;;YAED,IAAI,IAAI,CAAC,UAAU,IAAE,EAAE,EAAC;;;;mCAMnB,MAAM,CAAC,CAAC;;;;;wDALX,WAAW,OAAC;oCACV,MAAM,EAAE,IAAI,CAAC,MAAM;oCACnB,WAAW,EAAC,IAAI,CAAC,UAAU;oCAC3B,UAAU,EAAE,IAAI,CAAC,UAAU;iCAC5B;;;;wCAHC,MAAM,EAAE,IAAI,CAAC,MAAM;wCACnB,WAAW,EAAC,IAAI,CAAC,UAAU;wCAC3B,UAAU,EAAE,IAAI,CAAC,UAAU;;;;;;;;;;;;aAG9B;iBACI;;;;mCAKA,MAAM,CAAC,CAAC;;;;;wDAJX,WAAW,OAAC;oCACV,MAAM,EAAE,IAAI,CAAC,MAAM;oCACnB,UAAU,EAAE,IAAI,CAAC,UAAU;iCAC5B;;;;wCAFC,MAAM,EAAE,IAAI,CAAC,MAAM;wCACnB,UAAU,EAAE,IAAI,CAAC,UAAU;;;;;;;;;;;;aAG9B;;;QAzCH,KAAK;QADP,MAAM;KA+CP",
    "entry-package-info": "entry|1.0.0"
  },
  "entry|entry|1.0.0|src/main/ets/view/IndexModule.ts": {
    "version": 3,
    "file": "IndexModule.ets",
    "sourceRoot": "",
    "sources": [
      "entry/src/main/ets/view/IndexModule.ets"
    ],
    "names": [],
    "mappings": ";;;;;;IAmIU,QAAQ,GAAE,QAAQ,GAAG,MAAM;IAC3B,MAAM,GAAE,MAAM;IACd,OAAO,GAAE,MAAM;IACf,SAAS,GAAE,MAAM;;;IAnDjB,QAAQ,GAAE,QAAQ,GAAG,MAAM;IAC3B,MAAM,GAAE,MAAM;IACd,OAAO,GAAE,MAAM;IACf,SAAS,GAAE,MAAM;;;;;;OAtFpB,MAAM;cACJ,iBAAiB,QAAQ,gCAAgC;cACzD,iBAAiB,QAAQ,+BAA+B;OAC1D,EAAE,eAAe,EAAC,eAAe,EAAE;AAM1C,MAAM,OAAQ,WAAW;IADzB;;;;;;;KALyE;;;;;;;;;;;IAOvE;;YACE,MAAM;;YAAN,MAAM,CAoBL,MAAM,CAAC;gBACN,IAAI,EAAE,MAAM;gBACZ,KAAK,EAAE,MAAM;aACd;YAvBD,MAAM,CAwBL,KAAK,CAAC,OAAO;YAxBd,MAAM,CAyBL,cAAc,CAAC,SAAS,CAAC,KAAK;YAzB/B,MAAM,CA0BL,YAAY,CAAC,EAAE;YA1BhB,MAAM,CA2BL,WAAW,CAAC,WAAW,CAAC,KAAK;YA3B9B,MAAM,CA4BL,WAAW,CAAC,KAAK,CAAC,KAAK;YA5BxB,MAAM,CA6BL,eAAe,CAAC,KAAK,CAAC,KAAK;;;YA5B1B,IAAI,QAAC,EAAE,KAAK,EAAE,EAAE,EAAC;;YAAjB,IAAI,CAcH,KAAK,CAAC,CAAC;YAdR,IAAI,CAeH,KAAK,CAAC,MAAM;YAfb,IAAI,CAgBH,MAAM,CAAC,MAAM;YAhBd,IAAI,CAiBH,aAAa,CAAC,IAAI,CAAC,QAAQ;;;YAhB1B,OAAO;;;;;;;;4BACL,QAAQ;;;;;;;;;;;;uCAOH,KAAK,CAAC,MAAM;;;;;4DANf,aAAa,OAAC;wCACZ,QAAQ,EAAE,IAAI,CAAC,KAAK;wCACpB,MAAM,EAAE,IAAI,CAAC,KAAK;wCAClB,OAAO,EAAE,IAAI,CAAC,IAAI;wCAClB,SAAS,EAAE,IAAI,CAAC,MAAM;qCACvB;;;;4CAJC,QAAQ,EAAE,IAAI,CAAC,KAAK;4CACpB,MAAM,EAAE,IAAI,CAAC,KAAK;4CAClB,OAAO,EAAE,IAAI,CAAC,IAAI;4CAClB,SAAS,EAAE,IAAI,CAAC,MAAM;;;;;;;;;;;wBAL1B,QAAQ;;;oBAAR,QAAQ;;;+CADF,eAAe,0BAWrB,CAAC,IAAI,EAAE,iBAAiB,EAAE,EAAE,CAAC,IAAI,CAAC,SAAS,CAAC,IAAI,CAAC;;QAXnD,OAAO;QADT,IAAI;QADN,MAAM;KA8BP;;;;;AAKH,MAAM,OAAQ,WAAW;IADzB;;;;;;;KAHC;;;;;;;;;;;IAKC;;YACE,MAAM;;YAAN,MAAM,CAmBL,MAAM,CAAC;gBACN,IAAI,EAAE,MAAM;gBACZ,KAAK,EAAE,MAAM;aACd;YAtBD,MAAM,CAuBL,KAAK,CAAC,OAAO;YAvBd,MAAM,CAwBL,cAAc,CAAC,SAAS,CAAC,MAAM;YAxBhC,MAAM,CAyBL,YAAY,CAAC,EAAE;YAzBhB,MAAM,CA0BL,WAAW,CAAC,WAAW,CAAC,KAAK;YA1B9B,MAAM,CA2BL,WAAW,CAAC,KAAK,CAAC,KAAK;YA3BxB,MAAM,CA4BL,eAAe,CAAC,KAAK,CAAC,KAAK;;;YA3B1B,IAAI,QAAC,EAAE,KAAK,EAAE,EAAE,EAAC;;YAAjB,IAAI,CAcH,KAAK,CAAC,MAAM;YAdb,IAAI,CAeH,MAAM,CAAC,MAAM;YAfd,IAAI,CAgBH,aAAa,CAAC,IAAI,CAAC,QAAQ;;;YAf1B,OAAO;;;;;;;;4BACL,QAAQ;;;;;;;;;;;;uCAOH,KAAK,CAAC,MAAM;;;;;4DANf,aAAa,OAAC;wCACZ,QAAQ,EAAE,IAAI,CAAC,KAAK;wCACpB,MAAM,EAAE,IAAI,CAAC,KAAK;wCAClB,OAAO,EAAE,IAAI,CAAC,IAAI;wCAClB,SAAS,EAAC,IAAI,CAAC,MAAM;qCACtB;;;;4CAJC,QAAQ,EAAE,IAAI,CAAC,KAAK;4CACpB,MAAM,EAAE,IAAI,CAAC,KAAK;4CAClB,OAAO,EAAE,IAAI,CAAC,IAAI;4CAClB,SAAS,EAAC,IAAI,CAAC,MAAM;;;;;;;;;;;wBALzB,QAAQ;;;oBAAR,QAAQ;;;+CADF,eAAe,0BAWrB,CAAC,IAAI,EAAE,iBAAiB,EAAE,EAAE,CAAC,IAAI,CAAC,SAAS,CAAC,IAAI,CAAC;;QAXnD,OAAO;QADT,IAAI;QADN,MAAM;KA6BP;;;;;MAKI,aAAa;IADpB;;;;;;sBAG2B,EAAE;uBACD,EAAE;yBACA,IAAI;;;KARjC;;;;;;;;;;;;;;;;;;;;;;;IAKC,OAAO,WAAW,QAAQ,GAAG,MAAM,CAA0B;IAC7D,OAAO,SAAS,MAAM,CAAM;IAC5B,OAAO,UAAU,MAAM,CAAK;IAC5B,OAAO,YAAY,MAAM,CAAO;IAEhC;;YACE,IAAI,QAAC,EAAC,cAAc,EAAE,SAAS,CAAC,YAAY,EAAC;;YAA7C,IAAI,CA+BH,OAAO,CAAC,GAAG,EAAE;gBACZ,MAAM,CAAC,OAAO,CAAC;oBACb,GAAG,EAAE,iBAAiB;oBACtB,MAAM,EAAE,EAAE,OAAO,EAAC,IAAI,CAAC,OAAO,EAAE,SAAS,EAAC,IAAI,CAAC,SAAS,EAAE,MAAM,EAAE,IAAI,CAAC,MAAM,EAAE,UAAU,EAAC,IAAI,CAAC,QAAQ,EAAE;iBAC1G,CAAC,CAAC;YACL,CAAC;;;YAnCC,MAAM;;YAAN,MAAM,CAQL,IAAI,CAAC,IAAI;YARV,MAAM,CASL,MAAM,CAAC,EAAE;YATV,MAAM,CAUL,KAAK,CAAC,EAAE;YAVT,MAAM,CAWL,MAAM,CAAC,EAAC,KAAK,EAAC,EAAE,EAAC;;;YAVhB,KAAK,QAAC,IAAI,CAAC,QAAQ;;YAAnB,KAAK,CACH,MAAM,CAAC,EAAE;YADX,KAAK,CAEH,KAAK,CAAC,EAAE;YAFV,KAAK,CAGF,IAAI,CAAC,IAAI;YAHZ,KAAK,CAKH,YAAY,CAAC,CAAC;;QANlB,MAAM;;YAaN,MAAM,QAAC,EAAC,KAAK,EAAC,CAAC,EAAC;;YAAhB,MAAM,CAeJ,MAAM,CAAC,EAAC,GAAG,EAAC,CAAC,EAAE,MAAM,EAAC,CAAC,EAAC;;;YAdxB,wBAAwB;YACxB,IAAI,QAAC,IAAI,CAAC,OAAO;;YADjB,wBAAwB;YACxB,IAAI,CACD,KAAK,CAAC,MAAM;YAFf,wBAAwB;YACxB,IAAI,CAED,QAAQ,CAAC,EAAE;YAHd,wBAAwB;YACxB,IAAI,CAGD,QAAQ,CAAC,CAAC;YAJb,wBAAwB;YACxB,IAAI,CAID,YAAY,CAAC,EAAE,QAAQ,EAAE,YAAY,CAAC,QAAQ,EAAE;;QALnD,wBAAwB;QACxB,IAAI;;YAMJ,MAAM;YACN,IAAI,QAAC,IAAI,CAAC,SAAS;;YADnB,MAAM;YACN,IAAI,CACD,KAAK,CAAC,MAAM;YAFf,MAAM;YACN,IAAI,CAED,SAAS,CAAC,KAAK,CAAC,IAAI;YAHvB,MAAM;YACN,IAAI,CAGD,QAAQ,CAAC,EAAE;YAJd,MAAM;YACN,IAAI,CAID,QAAQ,CAAC,CAAC;YALb,MAAM;YACN,IAAI,CAKD,YAAY,CAAC,EAAE,QAAQ,EAAE,YAAY,CAAC,QAAQ,EAAE;;QANnD,MAAM;QACN,IAAI;QATN,MAAM;QAdR,IAAI;KAqCL;;;;;MAII,aAAa;IADpB;;;;;;sBAG2B,EAAE;uBACD,EAAE;yBACA,IAAI;;;KAPjC;;;;;;;;;;;;;;;;;;;;;;;IAIC,OAAO,WAAW,QAAQ,GAAG,MAAM,CAA0B,CAAA,0BAA0B;IACvF,OAAO,SAAS,MAAM,CAAK;IAC3B,OAAO,UAAU,MAAM,CAAK;IAC5B,OAAO,YAAY,MAAM,CAAO;IAEhC;;YACE,MAAM;;YAAN,MAAM,CA8BL,cAAc,CAAC,SAAS,CAAC,MAAM;;;YA7B9B,KAAK,QAAC,IAAI,CAAC,QAAQ;;YAAnB,KAAK,CACF,OAAO,CAAC,CAAC;YADZ,KAAK,CAEF,KAAK,CAAC,MAAM;YAFf,KAAK,CAGF,MAAM,CAAC,GAAG;YAHb,KAAK,CAIF,YAAY,CAAC,CAAC;YAJjB,KAAK,CAKF,OAAO,CAAC,GAAG,EAAE;gBACZ,MAAM,CAAC,OAAO,CAAC;oBACb,GAAG,EAAE,iBAAiB;oBACtB,MAAM,EAAE,EAAE,MAAM,EAAE,IAAI,CAAC,MAAM,EAAC;iBAC/B,CAAC,CAAC;YACL,CAAC;;;YAEH,IAAI,QAAC,IAAI,CAAC,OAAO;;YAAjB,IAAI,CACD,KAAK,CAAC,MAAM;YADf,IAAI,CAED,QAAQ,CAAC,EAAE;YAFd,IAAI,CAGD,UAAU,CAAC,EAAE;YAHhB,IAAI,CAID,QAAQ,CAAC,CAAC;YAJb,IAAI,CAKD,YAAY,CAAC,EAAE,QAAQ,EAAE,YAAY,CAAC,QAAQ,EAAE;YALnD,IAAI,CAMD,MAAM,CAAC,EAAE;YANZ,IAAI,CAOD,MAAM,CAAC,EAAE,GAAG,EAAE,CAAC,EAAE,MAAM,EAAE,CAAC,EAAE,IAAI,EAAC,CAAC,EAAE;;QAPvC,IAAI;;YASJ,IAAI,QAAC,IAAI,CAAC,SAAS;;YAAnB,IAAI,CACD,SAAS,CAAC,KAAK,CAAC,IAAI;YADvB,IAAI,CAED,KAAK,CAAC,MAAM;YAFf,IAAI,CAGD,QAAQ,CAAC,EAAE;YAHd,IAAI,CAID,QAAQ,CAAC,CAAC;YAJb,IAAI,CAKD,YAAY,CAAC,EAAE,QAAQ,EAAE,YAAY,CAAC,QAAQ,EAAE;YALnD,IAAI,CAMD,MAAM,CAAC,EAAE,GAAG,EAAE,CAAC,EAAE,MAAM,EAAE,CAAC,EAAE,IAAI,EAAC,CAAC,EAAE;;QANvC,IAAI;QAtBN,MAAM;KA+BP;;;;;AAIH,MAAM,OAAQ,UAAU;IADxB;;;;;;;KAFC;;;;;;;;;;;IAIC;;YACI,MAAM;;YAAN,MAAM,CA4EH,MAAM,CAAC,MAAM;YA5EhB,MAAM,CA6EH,KAAK,CAAC,MAAM;;;YA5Eb,IAAI,QAAC,EAAC,KAAK,EAAC,KAAK,EAAC;;YAAlB,IAAI,CAwEH,KAAK,CAAC,CAAC;YAxER,IAAI,CAyEH,MAAM,CAAC,MAAM;;;;;;;oBAxEV,QAAQ;;;;;;gBAAR,QAAQ,CAiBP,MAAM,CAAC,EAAC,GAAG,EAAC,KAAK,EAAC;gBAjBnB,QAAQ,CAkBP,KAAK,CAAC,MAAM;;;;;;oBAjBX,MAAM;;;;oBACJ,GAAG;;;;oBACD,KAAK;;oBAAL,KAAK,CACF,KAAK,CAAC,MAAM;oBADf,KAAK,CAEF,MAAM,CAAC,GAAG;;gBAHf,GAAG;;oBAKH,GAAG;;;;oBACD,IAAI,QAAC,KAAK;;oBAAV,IAAI,CACD,QAAQ,CAAC,EAAE;oBADd,IAAI,CAED,UAAU,CAAC,UAAU,CAAC,IAAI;oBAF7B,IAAI,CAGD,OAAO,CAAC,EAAE;oBAHb,IAAI,CAID,KAAK,CAAC,MAAM;oBAJf,IAAI,CAKD,MAAM,CAAC,EAAC,IAAI,EAAC,KAAK,EAAC;;gBALtB,IAAI;gBADN,GAAG;gBANL,MAAM;gBADR,QAAQ;;;YAAR,QAAQ;;;;;;;oBAmBV,QAAQ;;;;;;;;;;;oBACJ,MAAM;;;;oBACJ,GAAG;;;;oBACD,KAAK;;oBAAL,KAAK,CACF,KAAK,CAAC,MAAM;oBADf,KAAK,CAEF,MAAM,CAAC,GAAG;;gBAHf,GAAG;;oBAKH,GAAG;;;;oBACD,IAAI,QAAC,KAAK;;oBAAV,IAAI,CACD,QAAQ,CAAC,EAAE;oBADd,IAAI,CAED,UAAU,CAAC,UAAU,CAAC,IAAI;oBAF7B,IAAI,CAGD,OAAO,CAAC,EAAE;oBAHb,IAAI,CAID,KAAK,CAAC,MAAM;oBAJf,IAAI,CAKD,MAAM,CAAC,EAAC,IAAI,EAAC,KAAK,EAAC;;gBALtB,IAAI;gBADN,GAAG;gBANL,MAAM;gBADV,QAAQ;;;YAAR,QAAQ;;;;;;;oBAiBR,QAAQ;;;;;;;;;;;oBACJ,MAAM;;;;oBACJ,GAAG;;;;oBACD,KAAK;;oBAAL,KAAK,CACF,KAAK,CAAC,MAAM;oBADf,KAAK,CAEF,MAAM,CAAC,GAAG;;gBAHf,GAAG;;oBAKH,GAAG;;;;oBACD,IAAI,QAAC,KAAK;;oBAAV,IAAI,CACD,QAAQ,CAAC,EAAE;oBADd,IAAI,CAED,UAAU,CAAC,UAAU,CAAC,IAAI;oBAF7B,IAAI,CAGD,OAAO,CAAC,EAAE;oBAHb,IAAI,CAID,KAAK,CAAC,MAAM;oBAJf,IAAI,CAKD,MAAM,CAAC,EAAC,IAAI,EAAC,KAAK,EAAC,GAAG,EAAC,IAAI,EAAC;;gBAL/B,IAAI;gBADN,GAAG;gBANL,MAAM;gBADV,QAAQ;;;YAAR,QAAQ;;;;;;;oBAiBR,QAAQ;;;;;;;;;;;oBACJ,MAAM;;;;oBACJ,GAAG;;;;oBACD,KAAK;;oBAAL,KAAK,CACF,KAAK,CAAC,MAAM;oBADf,KAAK,CAEF,MAAM,CAAC,GAAG;;gBAHf,GAAG;;oBAKH,GAAG;;;;oBACD,IAAI,QAAC,KAAK;;oBAAV,IAAI,CACD,QAAQ,CAAC,EAAE;oBADd,IAAI,CAED,UAAU,CAAC,UAAU,CAAC,IAAI;oBAF7B,IAAI,CAGD,OAAO,CAAC,EAAE;oBAHb,IAAI,CAID,KAAK,CAAC,MAAM;oBAJf,IAAI,CAKD,MAAM,CAAC,EAAC,IAAI,EAAC,KAAK,EAAC;;gBALtB,IAAI;gBADN,GAAG;gBANL,MAAM;gBADV,QAAQ;;;YAAR,QAAQ;;QAtDV,IAAI;QADN,MAAM;KA8ET",
    "entry-package-info": "entry|1.0.0"
  },
  "entry|entry|1.0.0|src/main/ets/view/MusicPlayer.ts": {
    "version": 3,
    "file": "MusicPlayer.ets",
    "sourceRoot": "",
    "sources": [
      "entry/src/main/ets/view/MusicPlayer.ets"
    ],
    "names": [],
    "mappings": ";;;;IAUU,OAAO,GAAC,MAAM;IACd,SAAS,GAAC,MAAM;IAChB,MAAM,GAAE,MAAM,GAAG,QAAQ;IACzB,UAAU,GAAE,eAAe;IAC3B,WAAW,GAAG,MAAM,GAAG,QAAQ;IAC9B,WAAW,GAAE,MAAM;IACnB,YAAY,GAAE,MAAM;IACpB,kBAAkB,GAAE,MAAM;IAC1B,iBAAiB,GAAE,MAAM;IACzB,MAAM,GAAE,OAAO;IACf,QAAQ,GAAE,CAAC,GAAG,CAAC,GAAG,CAAC;IAEnB,IAAI,GAAE,OAAO;IACb,SAAS,GAAE,OAAO;IAClB,WAAW,GAAE,OAAO;IAGtB,QAAQ,GAAC,OAAO;IAChB,MAAM,GAAC,MAAM;IACb,MAAM,GAAC,MAAM;;OA7Bf,MAAM;OACN,EAAE,gBAAgB,EAAE;OACpB,EAAE,WAAW,EAAE;OACf,MAAM;AAMb,MAAM,OAAQ,WAAW;IADzB;;;;;uBAE2B,EAAE;yBACA,EAAE;sBACO,EAAE;0BACA,IAAI,eAAe,EAAE;;0DAE5B,CAAC;;2DACA,CAAC;;iEACK,OAAO;;gEACR,OAAO;;;;;;;uDASlB,KAAK;qDACR,CAAC;qDACD,CAAC,EAAE;QAC1B,OAAO;;;;KA3BwB;;;;;;;;;;;;;;;;;;;;;;;;;;;;;;;;;;;;;;;;;;;;;;;;;;;;;;;;;;;;;;;;;;;;;;;IAO/B,OAAO,UAAS,MAAM,CAAK;IAC3B,OAAO,YAAW,MAAM,CAAM;IAC9B,OAAO,SAAS,MAAM,GAAG,QAAQ,CAAM;IACvC,OAAO,aAAa,eAAe,CAAyB;IAC5D,OAAO,YAAY,CAAC,EAAE,MAAM,GAAG,QAAQ,CAAE;IACzC,gDAAsB,MAAM,EAAK;QAAxB,WAAW;;;QAAX,WAAW,WAAE,MAAM;;;IAC5B,iDAAuB,MAAM,EAAK;QAAzB,YAAY;;;QAAZ,YAAY,WAAE,MAAM;;;IAC7B,uDAA6B,MAAM,EAAW;QAArC,kBAAkB;;;QAAlB,kBAAkB,WAAE,MAAM;;;IACnC,sDAA4B,MAAM,EAAW;QAApC,iBAAiB;;;QAAjB,iBAAiB,WAAE,MAAM;;;IAClC,6CAAiB,OAAO,EAAC;QAAhB,MAAM;;;QAAN,MAAM,WAAE,OAAO;;;IACxB,+CAAmB,CAAC,GAAG,CAAC,GAAG,CAAC,EAAC;QAApB,QAAQ;;;QAAR,QAAQ,WAAE,CAAC,GAAG,CAAC,GAAG,CAAC;;;IAC5B,+BAA+B;IAC/B,2CAAe,OAAO,EAAC;QAAd,IAAI;;;QAAJ,IAAI,WAAE,OAAO;;;IACtB,gDAAoB,OAAO,EAAC;QAAnB,SAAS;;;QAAT,SAAS,WAAE,OAAO;;;IAC3B,kDAAsB,OAAO,EAAC;QAArB,WAAW;;;QAAX,WAAW,WAAE,OAAO;;;IAE7B,QAAQ;IACR,6CAAgB,OAAO,EAAQ;QAAxB,QAAQ;;;QAAR,QAAQ,WAAC,OAAO;;;IACvB,2CAAc,MAAM,EAAI;QAAjB,MAAM;;;QAAN,MAAM,WAAC,MAAM;;;IACpB,2CAAc,MAAM,EAAM;QAAnB,MAAM;;;QAAN,MAAM,WAAC,MAAM;;;IACpB,OAAO;IACP,UAAU,IAAG,IAAI;QACf,kBAAY;YACV,QAAQ,EAAE,IAAI;YACd,UAAU,EAAE,CAAC,CAAC;YACd,KAAK,EAAC,KAAK,CAAC,MAAM;SACnB,EAAE,GAAG,EAAE;YACN,IAAI,CAAC,MAAM,GAAG,GAAG,CAAA;YACjB,IAAI,CAAC,MAAM,GAAG,CAAC,EAAE,CAAA;QACnB,CAAC,CAAE,CAAA;IACL,CAAC;IAED;;YACE,yCAAyC;YACzC,MAAM;;YADN,yCAAyC;YACzC,MAAM,CAkML,KAAK,CAAC,MAAM;YAnMb,yCAAyC;YACzC,MAAM,CAmML,MAAM,CAAC,MAAM;YApMd,yCAAyC;YACzC,MAAM,CAoML,eAAe,CAAC,IAAI,CAAC,WAAW;YArMjC,yCAAyC;YACzC,MAAM,CAqML,mBAAmB,CAAC,SAAS,CAAC,KAAK;YAtMpC,yCAAyC;YACzC,MAAM,CAsML,mBAAmB,CAAC,SAAS,CAAC,sBAAsB;YAvMrD,yCAAyC;YACzC,MAAM,CAuML,cAAc,CAAC,CAAC,YAAY,CAAC,MAAM,CAAC,EAAE,CAAC,YAAY,CAAC,GAAG,EAAE,YAAY,CAAC,MAAM,CAAC;;;YAtM5E,6CAA6C;YAC7C,GAAG;;YADH,6CAA6C;YAC7C,GAAG,CAyBF,MAAM,CAAC,EAAE,GAAG,EAAC,CAAC,EAAE,MAAM,EAAC,CAAC,EAAE;YA1B3B,6CAA6C;YAC7C,GAAG,CA0BF,cAAc,CAAC,SAAS,CAAC,YAAY;YA3BtC,6CAA6C;YAC7C,GAAG,CA2BF,KAAK,CAAC,MAAM;YA5Bb,6CAA6C;YAC7C,GAAG,CA4BF,MAAM,CAAC,EAAE;;;YA3BR,KAAK;YACL,GAAG;;YADH,KAAK;YACL,GAAG,CAQD,MAAM,CAAC,EAAE,IAAI,EAAC,EAAE,EAAE;;;YAPlB,IAAI,QAAC,QAAQ;;YAAb,IAAI,CACD,UAAU,CAAC,YAAY;YAD1B,IAAI,CAED,SAAS,CAAC,KAAK,CAAC,KAAK;YAFxB,IAAI,CAGD,QAAQ,CAAC,EAAE;YAHd,IAAI,CAID,OAAO,CAAC,GAAG,EAAE;gBACZ,MAAM,CAAC,IAAI,EAAE,CAAA;YACf,CAAC;;QANH,IAAI;QAFN,KAAK;QACL,GAAG;;YASH,UAAU;YACV,GAAG;;YADH,UAAU;YACV,GAAG,CAWF,MAAM,CAAC,EAAE,KAAK,EAAC,EAAE,EAAE;;;YAVlB,IAAI,QAAC,QAAQ;;YAAb,IAAI,CACD,UAAU,CAAC,YAAY;YAD1B,IAAI,CAED,SAAS,CAAC,KAAK,CAAC,KAAK;YAFxB,IAAI,CAGD,QAAQ,CAAC,EAAE;YAHd,IAAI,CAID,MAAM,CAAC,EAAE,KAAK,EAAC,EAAE,EAAE;;QAJtB,IAAI;;YAKJ,IAAI,QAAC,QAAQ;;YAAb,IAAI,CACD,UAAU,CAAC,YAAY;YAD1B,IAAI,CAED,SAAS,CAAC,KAAK,CAAC,KAAK;YAFxB,IAAI,CAGD,QAAQ,CAAC,EAAE;;QAHd,IAAI;QAPN,UAAU;QACV,GAAG;QAbL,6CAA6C;QAC7C,GAAG;;YA6BH,sCAAsC;YAEtC,aAAa;YACb,KAAK,QAAC,EAAE,YAAY,EAAE,SAAS,CAAC,GAAG,EAAE;;YAHrC,sCAAsC;YAEtC,aAAa;YACb,KAAK,CAmDJ,MAAM,CAAC,KAAK;YAtDb,sCAAsC;YAEtC,aAAa;YACb,KAAK,CAoDJ,KAAK,CAAC,MAAM;YAvDb,sCAAsC;YAEtC,aAAa;YACb,KAAK,CAqDJ,OAAO,CAAC,EAAE;YAxDX,sCAAsC;YAEtC,aAAa;YACb,KAAK,CAsDJ,MAAM,CAAC,CAAC;;;YArDP,KAAK;YACL,GAAG;;YADH,KAAK;YACL,GAAG,CAgBF,MAAM,CAAC,EAAC,MAAM,EAAC,KAAK,EAAC;YAjBtB,KAAK;YACL,GAAG,CAiBF,MAAM,CAAC,CAAC;;;YAhBP,KAAK;;YAAL,KAAK,CACF,KAAK,CAAC,GAAG;YADZ,KAAK,CAEF,MAAM,CAAC,GAAG;YAFb,KAAK,CAGF,WAAW,CAAC,CAAC;YAHhB,KAAK,CAIF,MAAM,CAAC;gBACN,CAAC,EAAE,CAAC;gBACJ,CAAC,EAAE,CAAC;gBACJ,CAAC,EAAE,CAAC;gBACJ,KAAK,EAAE,IAAI,CAAC,MAAM;gBAClB,OAAO,EAAE,EAAE;gBACX,OAAO,EAAE,EAAE;aACZ;;QAbL,KAAK;QACL,GAAG;;YAkBH,OAAO;YACP,GAAG;;YADH,OAAO;YACP,GAAG,CAyBF,KAAK,CAAC,KAAK;YA1BZ,OAAO;YACP,GAAG,CA0BF,WAAW,CAAC,CAAC;YA3Bd,OAAO;YACP,GAAG,CA2BF,cAAc,CAAC,SAAS,CAAC,MAAM;YA5BhC,OAAO;YACP,GAAG,CA4BF,MAAM,CAAC,CAAC;;;YA3BP,MAAM;;YAAN,MAAM,CAgBL,eAAe;YAhBhB,MAAM,CAiBL,mBAAmB,CAAC,SAAS,CAAC,KAAK;YAjBpC,MAAM,CAkBL,cAAc,CAAC,SAAS,CAAC,MAAM;YAlBhC,MAAM,CAmBL,KAAK,CAAC,MAAM;YAnBb,MAAM,CAoBL,YAAY,CAAC,GAAG;YApBjB,MAAM,CAqBL,IAAI,CAAC,IAAI;YArBV,MAAM,CAsBL,WAAW,CAAC,CAAC;;;YArBZ,KAAK,QAAC,IAAI,CAAC,WAAW;;YAAtB,KAAK,CAEF,KAAK,CAAC,GAAG;YAFZ,KAAK,CAGF,MAAM,CAAC,GAAG;YAHb,KAAK,CAIF,YAAY,CAAC,GAAG;YAJnB,KAAK,CAKF,MAAM,CAAC;gBACN,CAAC,EAAE,CAAC;gBACJ,CAAC,EAAE,CAAC;gBACJ,CAAC,EAAE,CAAC;gBACJ,KAAK,EAAE,IAAI,CAAC,MAAM;gBAClB,OAAO,EAAC,GAAG;gBACX,OAAO,EAAC,GAAG;aACZ;;QAbL,MAAM;QAFR,OAAO;QACP,GAAG;QAxBL,sCAAsC;QAEtC,aAAa;QACb,KAAK;;YAuDL,uCAAuC;YACvC,eAAe;YACf,UAAU;YAEV,KAAK;;YAJL,uCAAuC;YACvC,eAAe;YACf,UAAU;YAEV,KAAK,CAkBJ,MAAM,CAAC,KAAK;YAtBb,uCAAuC;YACvC,eAAe;YACf,UAAU;YAEV,KAAK,CAmBJ,KAAK,CAAC,MAAM;YAvBb,uCAAuC;YACvC,eAAe;YACf,UAAU;YAEV,KAAK,CAqBJ,MAAM,CAAC,CAAC;;;YApBP,SAAS;YACT,MAAM;;;;YACJ,MAAM;YACN,IAAI,QAAC,IAAI,CAAC,OAAO;;YADjB,MAAM;YACN,IAAI,CACD,QAAQ,CAAC,EAAE;YAFd,MAAM;YACN,IAAI,CAED,UAAU,CAAC,UAAU,CAAC,IAAI;YAH7B,MAAM;YACN,IAAI,CAGD,SAAS,CAAC,SAAS;YAJtB,MAAM;YACN,IAAI,CAID,QAAQ,CAAC,CAAC;YALb,MAAM;YACN,IAAI,CAKD,YAAY,CAAC,EAAC,QAAQ,EAAC,YAAY,CAAC,IAAI,EAAC;;QAN5C,MAAM;QACN,IAAI;;YAMJ,MAAM;YACN,IAAI,QAAC,IAAI,CAAC,SAAS;;YADnB,MAAM;YACN,IAAI,CACD,QAAQ,CAAC,EAAE;YAFd,MAAM;YACN,IAAI,CAED,SAAS,CAAC,SAAS;YAHtB,MAAM;YACN,IAAI,CAGD,QAAQ,CAAC,CAAC;YAJb,MAAM;YACN,IAAI,CAID,YAAY,CAAC,EAAC,QAAQ,EAAC,YAAY,CAAC,IAAI,EAAC;;QAL5C,MAAM;QACN,IAAI;QAVN,SAAS;QACT,MAAM;QANR,uCAAuC;QACvC,eAAe;QACf,UAAU;QAEV,KAAK;;YAuBL,iBAAiB;YACjB,UAAU;YAEV,WAAW;YACX,KAAK;YACL,GAAG;;YALH,iBAAiB;YACjB,UAAU;YAEV,WAAW;YACX,KAAK;YACL,GAAG,CAkCF,KAAK,CAAC,MAAM;YAvCb,iBAAiB;YACjB,UAAU;YAEV,WAAW;YACX,KAAK;YACL,GAAG,CAmCF,cAAc,CAAC,SAAS,CAAC,WAAW;;;YAlCnC,MAAM;YACN,KAAK,QAAC,EAAE,KAAK,EAAE,KAAK,EAAE,KAAK,EAAE,EAAE,SAAS,EAAE,EAAE,EAAE,UAAU,EAAE,WAAW,EAAE,EAAE;;;;YACvE,IAAI,QAAC,IAAI,CAAC,QAAQ,CAAA,CAAC,CAAA,QAAQ,CAAA,CAAC,CAAA,QAAQ;;YAApC,IAAI,CACD,UAAU,CAAC,YAAY;YAD1B,IAAI,CAED,SAAS,CAAC,IAAI,CAAC,QAAQ,CAAA,CAAC,CAAA,KAAK,CAAC,GAAG,CAAA,CAAC,CAAA,KAAK,CAAC,KAAK;YAFhD,IAAI,CAGD,QAAQ,CAAC,EAAE;YAHd,IAAI,CAID,OAAO,CAAC,GAAE,EAAE;gBACX,MAAM;gBACN,IAAI,CAAC,QAAQ,GAAC,IAAI,CAAC,QAAQ,CAAA,CAAC,CAAA,KAAK,CAAA,CAAC,CAAA,IAAI,CAAA;YACxC,CAAC;;QAPH,IAAI;QAFN,MAAM;QACN,KAAK;;YAUL,MAAM;YACN,KAAK,QAAC,EAAE,KAAK,EAAE,KAAK,EAAE,QAAQ,EAAC,aAAa,CAAC,QAAQ,EAAE,KAAK,EAAE,EAAE,SAAS,EAAE,EAAE,EAAE,UAAU,EAAE,WAAW,EAAE,EAAE;;;;YACxG,IAAI,QAAC,QAAQ;;YAAb,IAAI,CACD,UAAU,CAAC,YAAY;YAD1B,IAAI,CAED,SAAS,CAAC,KAAK,CAAC,KAAK;YAFxB,IAAI,CAGD,QAAQ,CAAC,EAAE;;QAHd,IAAI;QAFN,MAAM;QACN,KAAK;;YAOL,MAAM;YACN,KAAK,QAAC,EAAE,KAAK,EAAE,KAAK,EAAE,KAAK,EAAE,EAAE,SAAS,EAAE,EAAE,EAAE,UAAU,EAAE,WAAW,EAAE,EAAE;;;;YACvE,IAAI,QAAC,QAAQ;;YAAb,IAAI,CACD,UAAU,CAAC,YAAY;YAD1B,IAAI,CAED,SAAS,CAAC,KAAK,CAAC,KAAK;YAFxB,IAAI,CAGD,QAAQ,CAAC,EAAE;;QAHd,IAAI;QAFN,MAAM;QACN,KAAK;;YAOL,MAAM;YACN,IAAI,QAAC,QAAQ;;YADb,MAAM;YACN,IAAI,CACD,UAAU,CAAC,YAAY;YAF1B,MAAM;YACN,IAAI,CAED,SAAS,CAAC,KAAK,CAAC,KAAK;YAHxB,MAAM;YACN,IAAI,CAGD,QAAQ,CAAC,EAAE;;QAJd,MAAM;QACN,IAAI;QAlCN,iBAAiB;QACjB,UAAU;QAEV,WAAW;QACX,KAAK;QACL,GAAG;;YAqCH,mBAAmB;YACnB,MAAM;;YADN,mBAAmB;YACnB,MAAM,CA+BL,KAAK,CAAC,MAAM;YAhCb,mBAAmB;YACnB,MAAM,CAgCL,MAAM,CAAC,GAAG;;;;;4CA/BT,WAAW,OAAC,EAAE,UAAU,EAAE,IAAI,CAAC,UAAU,EAAC;;;;4BAA5B,UAAU,EAAE,IAAI,CAAC,UAAU;;;;;;;;;;;YAEzC,KAAK,QAAC;gBACJ,GAAG,EAAE,IAAI,CAAC,MAAM;gBAChB,UAAU,EAAE,IAAI,CAAC,UAAU;aAC5B;;YAHD,KAAK,CAIF,KAAK,CAAC,MAAM;YAJf,KAAK,CAKF,MAAM,CAAC,CAAC;YALX,KAAK,CAMF,QAAQ,CAAC,KAAK;YANjB,KAAK,CAOF,QAAQ,CAAC,KAAK;YAPjB,KAAK,CAQF,IAAI,CAAC,KAAK;YARb,KAAK,CASF,QAAQ,CAAC,CAAC,KAAK,EAAE,EAAE;gBAClB,IAAG,KAAK,EAAE;oBACR,IAAI,CAAC,WAAW,GAAG,KAAK,CAAC,IAAI,CAAA;oBAC7B,IAAI,CAAC,iBAAiB,GAAG,gBAAgB,CAAC,IAAI,CAAC,WAAW,CAAC,CAAA;iBAC5D;YACH,CAAC;YAdH,KAAK,CAeF,UAAU,CAAC,CAAC,KAAK,EAAE,EAAE;gBACpB,IAAI,CAAC,QAAQ,CAAC,KAAK,EAAE,QAAQ,CAAC,CAAA;YAChC,CAAC;YAjBH,KAAK,CAkBF,QAAQ,CAAC,GAAG,EAAE;gBACb,IAAI,CAAC,MAAM,EAAE,CAAA;YACf,CAAC;YApBH,KAAK,CAqBF,OAAO,CAAC,GAAG,EAAE;gBACZ,MAAM,CAAC,SAAS,CAAC;oBACf,QAAQ,EAAE,IAAI;oBACd,OAAO,EAAE,OAAO;iBACjB,CAAC,CAAC;YACL,CAAC;;QA9BL,mBAAmB;QACnB,MAAM;QAhKR,yCAAyC;QACzC,MAAM;KAwMP;IAED;;OAEG;IACH,QAAQ,CAAC,QAAQ,EAAE,MAAM;QACvB,IAAI,CAAC,YAAY,GAAG,QAAQ,CAAC;QAC7B,IAAI,MAAM,EAAE,MAAM,GAAG,QAAQ,GAAG,EAAE,CAAC;QACnC,IAAI,GAAG,EAAE,MAAM,GAAG,MAAM,CAAC,QAAQ,CAAC,CAAC,QAAQ,GAAG,EAAE,CAAC,CAAC,QAAQ,EAAE,CAAC,CAAC;QAC9D,IAAI,IAAI,GAAG,GAAG,GAAG,EAAE,CAAC,CAAC,CAAC,GAAG,CAAC,GAAG,GAAG,EAAE,CAAA,CAAC,CAAC,GAAG,CAAC;QACxC,IAAI,GAAG,GAAG,MAAM,GAAG,EAAE,CAAC,CAAC,CAAC,GAAG,CAAC,GAAG,MAAM,EAAE,CAAA,CAAC,CAAC,MAAM,CAAC;QAChD,IAAI,CAAC,kBAAkB,GAAG,GAAG,IAAI,IAAI,GAAG,EAAE,CAAC;QAC3C,IAAI,CAAC,IAAI,GAAG,IAAI,CAAC;IACnB,CAAC;IAED;;OAEG;IACH,MAAM;QACJ,IAAI,CAAC,MAAM,GAAG,KAAK,CAAC;QACpB,IAAI,CAAC,QAAQ,GAAG,CAAC,CAAC;QAClB,0BAA0B;IAC5B,CAAC",
    "entry-package-info": "entry|1.0.0"
  },
  "entry|entry|1.0.0|src/main/ets/view/MusicPlaySlider.ts": {
    "version": 3,
    "file": "MusicPlaySlider.ets",
    "sourceRoot": "",
    "sources": [
      "entry/src/main/ets/view/MusicPlaySlider.ets"
    ],
    "names": [],
    "mappings": ";;;;IAOU,UAAU,GAAE,eAAe;IAC1B,iBAAiB,GAAE,MAAM;IACzB,WAAW,GAAE,MAAM;IACnB,YAAY,GAAE,MAAM;IACpB,kBAAkB,GAAE,MAAM;IAC1B,MAAM,GAAE,OAAO;IACf,QAAQ,GAAE,CAAC,GAAG,CAAC,GAAG,CAAC;IACnB,IAAI,GAAE,OAAO;IACb,SAAS,GAAE,OAAO;IAClB,WAAW,GAAE,MAAM;;OAhBvB,IAAI;AAKX,MAAM,OAAQ,WAAW;IADzB;;;;;0BAGwC,IAAI,eAAe,EAAE;;;;;;;;;;;;KAP/B;;;;;;;;;;;;;;;;;;;;;;;;;;;;;;;;IAM5B,qCAAqC;IACrC,OAAO,aAAa,eAAe,CAAyB;IAC5D,wDAA4B,MAAM,EAAC;QAA1B,iBAAiB;;;QAAjB,iBAAiB,WAAE,MAAM;;;IAClC,kDAAsB,MAAM,EAAC;QAApB,WAAW;;;QAAX,WAAW,WAAE,MAAM;;;IAC5B,mDAAuB,MAAM,EAAC;QAArB,YAAY;;;QAAZ,YAAY,WAAE,MAAM;;;IAC7B,yDAA6B,MAAM,EAAC;QAA3B,kBAAkB;;;QAAlB,kBAAkB,WAAE,MAAM;;;IACnC,6CAAiB,OAAO,EAAC;QAAhB,MAAM;;;QAAN,MAAM,WAAE,OAAO;;;IACxB,+CAAmB,CAAC,GAAG,CAAC,GAAG,CAAC,EAAC;QAApB,QAAQ;;;QAAR,QAAQ,WAAE,CAAC,GAAG,CAAC,GAAG,CAAC;;;IAC5B,2CAAe,OAAO,EAAC;QAAd,IAAI;;;QAAJ,IAAI,WAAE,OAAO;;;IACtB,gDAAoB,OAAO,EAAC;QAAnB,SAAS;;;QAAT,SAAS,WAAE,OAAO;;;IAC3B,kDAAsB,MAAM,EAAC;QAApB,WAAW;;;QAAX,WAAW,WAAE,MAAM;;;IAE5B,aAAa,IAAI,IAAI;QACnB,IAAI,CAAC,YAAY,CAAC;YAChB,UAAU,EAAC,YAAY;YACvB,SAAS,EAAC,qBAAqB;SAChC,CAAC,CAAA;IACJ,CAAC;IAED;;YACE,MAAM;;YAAN,MAAM,CA6EL,MAAM,CAAC,GAAG;;;YA5ET,QAAQ;YACR,GAAG,QAAC,EAAE,KAAK,EAAE,EAAE,EAAE;;YADjB,QAAQ;YACR,GAAG,CA6BF,KAAK,CAAC,MAAM;YA9Bb,QAAQ;YACR,GAAG,CA8BF,UAAU,CAAC,aAAa,CAAC,MAAM;YA/BhC,QAAQ;YACR,GAAG,CA+BF,cAAc,CAAC,SAAS,CAAC,MAAM;;;YA9B9B,IAAI,QAAC,IAAI,CAAC,iBAAiB;;YAA3B,IAAI,CACD,QAAQ,CAAC,EAAE;YADd,IAAI,CAED,SAAS,CAAC,KAAK,CAAC,KAAK;YAFxB,IAAI,CAGD,MAAM,CAAC,EAAE,IAAI,EAAE,EAAE,EAAE;;QAHtB,IAAI;;YAKJ,MAAM,QAAC;gBACL,KAAK,EAAE,IAAI,CAAC,WAAW;gBACvB,GAAG,EAAE,CAAC;gBACN,GAAG,EAAE,IAAI,CAAC,YAAY;gBACtB,IAAI,EAAE,CAAC;gBACP,KAAK,EAAE,WAAW,CAAC,MAAM;aAC1B;;YAND,MAAM,CAOH,UAAU,CAAC,SAAS;YAPvB,MAAM,CAQH,KAAK,CAAC,KAAK;YARd,MAAM,CASH,UAAU,CAAC,KAAK,CAAC,IAAI;YATxB,MAAM,CAUH,aAAa,CAAC,SAAS;YAV1B,MAAM,CAWH,SAAS,CAAC,IAAI;YAXjB,MAAM,CAYH,QAAQ,CAAC,IAAI;YAZhB,MAAM,CAaH,QAAQ,CAAC,CAAC,KAAK,EAAE,MAAM,EAAE,IAAI,EAAE,gBAAgB,EAAE,EAAE;gBAClD,IAAI,CAAC,cAAc,CAAC,KAAK,EAAE,IAAI,CAAC,CAAC;YACnC,CAAC;;;YAEH,IAAI,QAAC,IAAI,CAAC,kBAAkB;;YAA5B,IAAI,CACD,QAAQ,CAAC,EAAE;YADd,IAAI,CAED,MAAM,CAAC,EAAE,KAAK,EAAE,EAAE,EAAE;YAFvB,IAAI,CAGD,SAAS,CAAC,KAAK,CAAC,KAAK;;QAHxB,IAAI;QAxBN,QAAQ;QACR,GAAG;;YAiCH,MAAM;YACN,GAAG;;YADH,MAAM;YACN,GAAG,CAqCF,cAAc,CAAC,SAAS,CAAC,YAAY;YAtCtC,MAAM;YACN,GAAG,CAsCF,KAAK,CAAC,KAAK;YAvCZ,MAAM;YACN,GAAG,CAuCF,OAAO,CAAC,EAAE;;;YAtCT,sBAAsB;YACtB,IAAI,QAAC,IAAI,CAAC,QAAQ,KAAK,CAAC,CAAA,CAAC,CAAA,QAAQ,CAAA,CAAC,CAAA,IAAI,CAAC,QAAQ,KAAK,CAAC,CAAA,CAAC,CAAA,QAAQ,CAAA,CAAC,CAAA,QAAQ;;YADvE,sBAAsB;YACtB,IAAI,CACD,UAAU,CAAC,YAAY;YAF1B,sBAAsB;YACtB,IAAI,CAED,SAAS,CAAC,KAAK,CAAC,KAAK;YAHxB,sBAAsB;YACtB,IAAI,CAGD,QAAQ,CAAC,EAAE;YAJd,sBAAsB;YACtB,IAAI,CAID,OAAO,CAAC,GAAE,EAAE;gBACX,SAAS;gBACT,IAAI,CAAC,QAAQ,EAAE,CAAA;gBACf,IAAI,IAAI,CAAC,QAAQ,GAAG,CAAC,EAAE;oBACrB,IAAI,CAAC,QAAQ,GAAG,CAAC,CAAA;iBAClB;YACH,CAAC;;QAXH,sBAAsB;QACtB,IAAI;;YAWJ,OAAO;YACP,IAAI,QAAC,QAAQ;;YADb,OAAO;YACP,IAAI,CACD,UAAU,CAAC,YAAY;YAF1B,OAAO;YACP,IAAI,CAED,SAAS,CAAC,KAAK,CAAC,KAAK;YAHxB,OAAO;YACP,IAAI,CAGD,QAAQ,CAAC,EAAE;;QAJd,OAAO;QACP,IAAI;;YAIJ,QAAQ;YACR,IAAI,QAAC,IAAI,CAAC,MAAM,CAAA,CAAC,CAAA,QAAQ,CAAA,CAAC,CAAA,QAAQ;;YADlC,QAAQ;YACR,IAAI,CACD,UAAU,CAAC,YAAY;YAF1B,QAAQ;YACR,IAAI,CAED,SAAS,CAAC,KAAK,CAAC,KAAK;YAHxB,QAAQ;YACR,IAAI,CAGD,QAAQ,CAAC,EAAE;YAJd,QAAQ;YACR,IAAI,CAID,OAAO,CAAC,GAAG,EAAE;gBACZ,IAAI,CAAC,WAAW,EAAE,CAAC;YACrB,CAAC;;QAPH,QAAQ;QACR,IAAI;;YAOJ,OAAO;YACP,IAAI,QAAC,QAAQ;;YADb,OAAO;YACP,IAAI,CACD,UAAU,CAAC,YAAY;YAF1B,OAAO;YACP,IAAI,CAED,SAAS,CAAC,KAAK,CAAC,KAAK;YAHxB,OAAO;YACP,IAAI,CAGD,QAAQ,CAAC,EAAE;;QAJd,OAAO;QACP,IAAI;;YAIJ,OAAO;YACP,IAAI,QAAC,QAAQ;;YADb,OAAO;YACP,IAAI,CACD,UAAU,CAAC,YAAY;YAF1B,OAAO;YACP,IAAI,CAED,SAAS,CAAC,KAAK,CAAC,KAAK;YAHxB,OAAO;YACP,IAAI,CAGD,QAAQ,CAAC,EAAE;;QAJd,OAAO;QACP,IAAI;QAjCN,MAAM;QACN,GAAG;QApCL,MAAM;KA+EP;IAED;;OAEG;IACH,WAAW;QACT,IAAG,IAAI,CAAC,MAAM,KAAK,IAAI,EAAE;YACvB,IAAI,CAAC,UAAU,CAAC,KAAK,EAAE,CAAA;YACvB,IAAI,CAAC,MAAM,GAAG,KAAK,CAAC;YACpB,0BAA0B;YAC1B,OAAO;SACR;QAED,IAAG,IAAI,CAAC,IAAI,KAAK,IAAI,EAAE;YACrB,IAAI,CAAC,UAAU,CAAC,KAAK,EAAE,CAAC;YACxB,IAAI,CAAC,MAAM,GAAG,IAAI,CAAC;YACnB,yBAAyB;SAC1B;aAAM;YACL,IAAI,CAAC,SAAS,GAAG,IAAI,CAAC;YACtB,kBAAkB;YAClB,IAAI,eAAe,GAAG,WAAW,CAAC,GAAG,EAAE;gBACrC,IAAG,IAAI,CAAC,WAAW,IAAI,GAAG,EAAE;oBAC1B,IAAI,CAAC,WAAW,GAAG,CAAC,CAAA;iBACrB;qBAAM;oBACL,IAAI,CAAC,WAAW,IAAI,EAAE,CAAA;iBACvB;YACH,CAAC,EAAE,GAAG,CAAC,CAAA;YACP,iBAAiB;YACjB,IAAI,YAAY,GAAG,WAAW,CAAC,GAAG,EAAE;gBAClC,IAAG,IAAI,CAAC,IAAI,KAAK,IAAI,EAAE;oBACrB,IAAI,CAAC,UAAU,CAAC,KAAK,EAAE,CAAC;oBACxB,IAAI,CAAC,MAAM,GAAG,IAAI,CAAC;oBACnB,yBAAyB;oBACzB,IAAI,CAAC,SAAS,GAAG,KAAK,CAAC;oBACvB,aAAa,CAAC,YAAY,CAAC,CAAC;oBAC5B,aAAa,CAAC,eAAe,CAAC,CAAC;iBAChC;YACH,CAAC,EAAE,GAAG,CAAC,CAAA;SACR;IACH,CAAC;IAED;;OAEG;IACH,cAAc,CAAC,KAAK,EAAE,MAAM,EAAE,IAAI,EAAE,gBAAgB;QAClD,IAAI,CAAC,WAAW,GAAG,MAAM,CAAC,QAAQ,CAAC,KAAK,CAAC,QAAQ,EAAE,CAAC,CAAC;QACrD,IAAI,CAAC,UAAU,CAAC,cAAc,CAAC,MAAM,CAAC,QAAQ,CAAC,KAAK,CAAC,QAAQ,EAAE,CAAC,EAAE,QAAQ,CAAC,QAAQ,CAAC,CAAC;IACvF,CAAC",
    "entry-package-info": "entry|1.0.0"
  },
  "entry|entry|1.0.0|src/main/ets/view/VideoPlayer.ts": {
    "version": 3,
    "file": "VideoPlayer.ets",
    "sourceRoot": "",
    "sources": [
      "entry/src/main/ets/view/VideoPlayer.ets"
    ],
    "names": [],
    "mappings": ";;;;IAWU,MAAM,GAAE,MAAM,GAAG,QAAQ;IACzB,UAAU,GAAE,eAAe;IAC3B,WAAW,GAAG,MAAM,GAAG,QAAQ;IAC9B,WAAW,GAAC,OAAO;IACnB,WAAW,GAAE,MAAM;IACnB,YAAY,GAAE,MAAM;IACpB,kBAAkB,GAAE,MAAM;IAC1B,iBAAiB,GAAE,MAAM;IACzB,MAAM,GAAE,OAAO;IACf,QAAQ,GAAE,CAAC,GAAG,CAAC,GAAG,CAAC;IAEnB,IAAI,GAAE,OAAO;IACb,SAAS,GAAE,OAAO;IAClB,WAAW,GAAE,OAAO;;OAvBxB,MAAM;OACN,EAAE,gBAAgB,EAAE;OACpB,EAAE,WAAW,EAAE;;AAOtB,MAAM,OAAQ,WAAW;IADzB;;;;;sBAEsC,EAAE;0BACA,IAAI,eAAe,EAAE;;2BAE5B,IAAI;0DACJ,CAAC;;2DACA,CAAC;;iEACK,OAAO;;gEACR,OAAO;;;;;;;;;KAdV;;;;;;;;;;;;;;;;;;;;;;;;;;;;;;;;;;;;;;;;;;;;;;;;;;;;;IAOlC,OAAO,SAAS,MAAM,GAAG,QAAQ,CAAM;IACvC,OAAO,aAAa,eAAe,CAAyB;IAC5D,OAAO,YAAY,CAAC,EAAE,MAAM,GAAG,QAAQ,CAAE;IACzC,OAAO,cAAc,OAAO,CAAQ;IACpC,gDAAsB,MAAM,EAAK;QAAxB,WAAW;;;QAAX,WAAW,WAAE,MAAM;;;IAC5B,iDAAuB,MAAM,EAAK;QAAzB,YAAY;;;QAAZ,YAAY,WAAE,MAAM;;;IAC7B,uDAA6B,MAAM,EAAW;QAArC,kBAAkB;;;QAAlB,kBAAkB,WAAE,MAAM;;;IACnC,sDAA4B,MAAM,EAAW;QAApC,iBAAiB;;;QAAjB,iBAAiB,WAAE,MAAM;;;IAClC,6CAAiB,OAAO,EAAC;QAAhB,MAAM;;;QAAN,MAAM,WAAE,OAAO;;;IACxB,+CAAmB,CAAC,GAAG,CAAC,GAAG,CAAC,EAAC;QAApB,QAAQ;;;QAAR,QAAQ,WAAE,CAAC,GAAG,CAAC,GAAG,CAAC;;;IAC5B,+BAA+B;IAC/B,2CAAe,OAAO,EAAC;QAAd,IAAI;;;QAAJ,IAAI,WAAE,OAAO;;;IACtB,gDAAoB,OAAO,EAAC;QAAnB,SAAS;;;QAAT,SAAS,WAAE,OAAO;;;IAC3B,kDAAsB,OAAO,EAAC;QAArB,WAAW;;;QAAX,WAAW,WAAE,OAAO;;;IAE7B;;YACE,MAAM;;;;;YACJ,KAAK;YAEL,IAAI,IAAI,CAAC,WAAW,EAAE;;;wBACpB,GAAG;;wBAAH,GAAG,CAyBF,MAAM,CAAC,EAAE,GAAG,EAAC,CAAC,EAAE,MAAM,EAAC,CAAC,EAAE;wBAzB3B,GAAG,CA0BF,cAAc,CAAC,SAAS,CAAC,YAAY;wBA1BtC,GAAG,CA2BF,KAAK,CAAC,MAAM;wBA3Bb,GAAG,CA4BF,MAAM,CAAC,EAAE;;;wBA3BR,GAAG;;wBAAH,GAAG,CASD,MAAM,CAAC,EAAE,IAAI,EAAC,EAAE,EAAE;;;wBARlB,KAAK;wBACL,IAAI,QAAC,QAAQ;;wBADb,KAAK;wBACL,IAAI,CACD,UAAU,CAAC,YAAY;wBAF1B,KAAK;wBACL,IAAI,CAED,SAAS,CAAC,KAAK,CAAC,KAAK;wBAHxB,KAAK;wBACL,IAAI,CAGD,QAAQ,CAAC,EAAE;wBAJd,KAAK;wBACL,IAAI,CAID,OAAO,CAAC,GAAG,EAAE;4BACZ,MAAM,CAAC,IAAI,EAAE,CAAA;wBACf,CAAC;;oBAPH,KAAK;oBACL,IAAI;oBAFN,GAAG;;wBAUH,UAAU;wBACV,GAAG;;wBADH,UAAU;wBACV,GAAG,CAWF,MAAM,CAAC,EAAE,KAAK,EAAC,EAAE,EAAE;;;wBAVlB,IAAI,QAAC,QAAQ;;wBAAb,IAAI,CACD,UAAU,CAAC,YAAY;wBAD1B,IAAI,CAED,SAAS,CAAC,KAAK,CAAC,KAAK;wBAFxB,IAAI,CAGD,QAAQ,CAAC,EAAE;wBAHd,IAAI,CAID,MAAM,CAAC,EAAE,KAAK,EAAC,EAAE,EAAE;;oBAJtB,IAAI;;wBAKJ,IAAI,QAAC,QAAQ;;wBAAb,IAAI,CACD,UAAU,CAAC,YAAY;wBAD1B,IAAI,CAED,SAAS,CAAC,KAAK,CAAC,KAAK;wBAFxB,IAAI,CAGD,QAAQ,CAAC,EAAE;;oBAHd,IAAI;oBAPN,UAAU;oBACV,GAAG;oBAZL,GAAG;;aA6BJ;;;;aAAA;;;;YAED,KAAK,QAAC;gBACJ,GAAG,EAAE,IAAI,CAAC,MAAM;gBAChB,UAAU,EAAE,IAAI,CAAC,WAAW;gBAC5B,UAAU,EAAE,IAAI,CAAC,UAAU;aAC5B;;YAJD,KAAK,CAKF,KAAK,CAAC,MAAM;YALf,KAAK,CAMF,MAAM,CAAC,KAAK;YANf,KAAK,CAOF,QAAQ,CAAC,KAAK;YAPjB,KAAK,CAQF,QAAQ,CAAC,KAAK;YARjB,KAAK,CASF,SAAS,CAAC,QAAQ,CAAC,OAAO;YAT7B,KAAK,CAUF,IAAI,CAAC,KAAK;YAVb,KAAK,CAWF,WAAW,CAAC,CAAC;YAXhB,KAAK,CAYF,QAAQ,CAAC,CAAC,KAAK,EAAE,EAAE;gBAClB,IAAG,KAAK,EAAE;oBACR,IAAI,CAAC,WAAW,GAAG,KAAK,CAAC,IAAI,CAAA;oBAC7B,IAAI,CAAC,iBAAiB,GAAG,gBAAgB,CAAC,IAAI,CAAC,WAAW,CAAC,CAAA;iBAC5D;YACH,CAAC;YAjBH,KAAK,CAkBF,UAAU,CAAC,CAAC,KAAK,EAAE,EAAE;gBACpB,IAAI,CAAC,QAAQ,CAAC,KAAK,EAAE,QAAQ,CAAC,CAAA;YAChC,CAAC;YApBH,KAAK,CAqBF,QAAQ,CAAC,GAAG,EAAE;gBACb,IAAI,CAAC,MAAM,EAAE,CAAA;YACf,CAAC;YAvBH,KAAK,CAwBF,OAAO,CAAC,GAAG,EAAE;gBACZ,MAAM,CAAC,SAAS,CAAC;oBACf,QAAQ,EAAE,IAAI;oBACd,OAAO,EAAE,OAAO;iBACjB,CAAC,CAAC;YACL,CAAC;YA7BH,KAAK,CA8BF,OAAO,CAAC,GAAE,EAAE;gBACX,IAAI,CAAC,WAAW,GAAC,IAAI,CAAC,WAAW,CAAA,CAAC,CAAA,KAAK,CAAA,CAAC,CAAA,IAAI,CAAA;YAC9C,CAAC;;;;YACH,IAAI,IAAI,CAAC,WAAW,EAAC;;;;;wDACnB,WAAW,OAAC,EAAE,UAAU,EAAE,IAAI,CAAC,UAAU,EAAC;;;;wCAA5B,UAAU,EAAE,IAAI,CAAC,UAAU;;;;;;;;;;;aAC1C;;;;aAAA;;;QAtEH,MAAM;KAwEP;IAED;;OAEG;IACH,QAAQ,CAAC,QAAQ,EAAE,MAAM;QACvB,IAAI,CAAC,YAAY,GAAG,QAAQ,CAAC;QAC7B,IAAI,MAAM,EAAE,MAAM,GAAG,QAAQ,GAAG,EAAE,CAAC;QACnC,IAAI,GAAG,EAAE,MAAM,GAAG,MAAM,CAAC,QAAQ,CAAC,CAAC,QAAQ,GAAG,EAAE,CAAC,CAAC,QAAQ,EAAE,CAAC,CAAC;QAC9D,IAAI,IAAI,GAAG,GAAG,GAAG,EAAE,CAAC,CAAC,CAAC,GAAG,CAAC,GAAG,GAAG,EAAE,CAAA,CAAC,CAAC,GAAG,CAAC;QACxC,IAAI,GAAG,GAAG,MAAM,GAAG,EAAE,CAAC,CAAC,CAAC,GAAG,CAAC,GAAG,MAAM,EAAE,CAAA,CAAC,CAAC,MAAM,CAAC;QAChD,IAAI,CAAC,kBAAkB,GAAG,GAAG,IAAI,IAAI,GAAG,EAAE,CAAC;QAC3C,IAAI,CAAC,IAAI,GAAG,IAAI,CAAC;IACnB,CAAC;IAED;;OAEG;IACH,MAAM;QACJ,IAAI,CAAC,MAAM,GAAG,KAAK,CAAC;QACpB,IAAI,CAAC,QAAQ,GAAG,CAAC,CAAC;QAClB,0BAA0B;IAC5B,CAAC",
    "entry-package-info": "entry|1.0.0"
  },
  "entry|entry|1.0.0|src/main/ets/view/VideoPlaySlider.ts": {
    "version": 3,
    "file": "VideoPlaySlider.ets",
    "sourceRoot": "",
    "sources": [
      "entry/src/main/ets/view/VideoPlaySlider.ets"
    ],
    "names": [],
    "mappings": ";;;;IAOU,UAAU,GAAE,eAAe;IAC1B,iBAAiB,GAAE,MAAM;IACzB,WAAW,GAAE,MAAM;IACnB,YAAY,GAAE,MAAM;IACpB,kBAAkB,GAAE,MAAM;IAC1B,MAAM,GAAE,OAAO;IACf,QAAQ,GAAE,CAAC,GAAG,CAAC,GAAG,CAAC;IACnB,IAAI,GAAE,OAAO;IACb,SAAS,GAAE,OAAO;IAClB,WAAW,GAAE,MAAM;;OAhBvB,IAAI;AAKX,MAAM,OAAQ,WAAW;IADzB;;;;;0BAGwC,IAAI,eAAe,EAAE;;;;;;;;;;;;KAP/B;;;;;;;;;;;;;;;;;;;;;;;;;;;;;;;;IAM5B,qCAAqC;IACrC,OAAO,aAAa,eAAe,CAAyB;IAC5D,wDAA4B,MAAM,EAAC;QAA1B,iBAAiB;;;QAAjB,iBAAiB,WAAE,MAAM;;;IAClC,kDAAsB,MAAM,EAAC;QAApB,WAAW;;;QAAX,WAAW,WAAE,MAAM;;;IAC5B,mDAAuB,MAAM,EAAC;QAArB,YAAY;;;QAAZ,YAAY,WAAE,MAAM;;;IAC7B,yDAA6B,MAAM,EAAC;QAA3B,kBAAkB;;;QAAlB,kBAAkB,WAAE,MAAM;;;IACnC,6CAAiB,OAAO,EAAC;QAAhB,MAAM;;;QAAN,MAAM,WAAE,OAAO;;;IACxB,+CAAmB,CAAC,GAAG,CAAC,GAAG,CAAC,EAAC;QAApB,QAAQ;;;QAAR,QAAQ,WAAE,CAAC,GAAG,CAAC,GAAG,CAAC;;;IAC5B,2CAAe,OAAO,EAAC;QAAd,IAAI;;;QAAJ,IAAI,WAAE,OAAO;;;IACtB,gDAAoB,OAAO,EAAC;QAAnB,SAAS;;;QAAT,SAAS,WAAE,OAAO;;;IAC3B,kDAAsB,MAAM,EAAC;QAApB,WAAW;;;QAAX,WAAW,WAAE,MAAM;;;IAE5B,aAAa,IAAI,IAAI;QACnB,IAAI,CAAC,YAAY,CAAC;YAChB,UAAU,EAAC,YAAY;YACvB,SAAS,EAAC,qBAAqB;SAChC,CAAC,CAAA;IACJ,CAAC;IAED;;YACE,MAAM;;YAAN,MAAM,CA8EL,MAAM,CAAC,GAAG;;;YA7ET,KAAK;;;QAAL,KAAK;;YACL,QAAQ;YACR,GAAG,QAAC,EAAE,KAAK,EAAE,EAAE,EAAE;;YADjB,QAAQ;YACR,GAAG,CA6BF,KAAK,CAAC,MAAM;YA9Bb,QAAQ;YACR,GAAG,CA8BF,UAAU,CAAC,aAAa,CAAC,MAAM;YA/BhC,QAAQ;YACR,GAAG,CA+BF,cAAc,CAAC,SAAS,CAAC,MAAM;;;YA9B9B,IAAI,QAAC,IAAI,CAAC,iBAAiB;;YAA3B,IAAI,CACD,QAAQ,CAAC,EAAE;YADd,IAAI,CAED,SAAS,CAAC,KAAK,CAAC,KAAK;YAFxB,IAAI,CAGD,MAAM,CAAC,EAAE,IAAI,EAAE,EAAE,EAAE;;QAHtB,IAAI;;YAKJ,MAAM,QAAC;gBACL,KAAK,EAAE,IAAI,CAAC,WAAW;gBACvB,GAAG,EAAE,CAAC;gBACN,GAAG,EAAE,IAAI,CAAC,YAAY;gBACtB,IAAI,EAAE,CAAC;gBACP,KAAK,EAAE,WAAW,CAAC,MAAM;aAC1B;;YAND,MAAM,CAOH,UAAU,CAAC,SAAS;YAPvB,MAAM,CAQH,KAAK,CAAC,KAAK;YARd,MAAM,CASH,UAAU,CAAC,KAAK,CAAC,IAAI;YATxB,MAAM,CAUH,aAAa,CAAC,SAAS;YAV1B,MAAM,CAWH,SAAS,CAAC,IAAI;YAXjB,MAAM,CAYH,QAAQ,CAAC,IAAI;YAZhB,MAAM,CAaH,QAAQ,CAAC,CAAC,KAAK,EAAE,MAAM,EAAE,IAAI,EAAE,gBAAgB,EAAE,EAAE;gBAClD,IAAI,CAAC,cAAc,CAAC,KAAK,EAAE,IAAI,CAAC,CAAC;YACnC,CAAC;;;YAEH,IAAI,QAAC,IAAI,CAAC,kBAAkB;;YAA5B,IAAI,CACD,QAAQ,CAAC,EAAE;YADd,IAAI,CAED,MAAM,CAAC,EAAE,KAAK,EAAE,EAAE,EAAE;YAFvB,IAAI,CAGD,SAAS,CAAC,KAAK,CAAC,KAAK;;QAHxB,IAAI;QAxBN,QAAQ;QACR,GAAG;;YAiCH,MAAM;YACN,GAAG;;YADH,MAAM;YACN,GAAG,CAqCF,cAAc,CAAC,SAAS,CAAC,YAAY;YAtCtC,MAAM;YACN,GAAG,CAsCF,KAAK,CAAC,KAAK;YAvCZ,MAAM;YACN,GAAG,CAuCF,OAAO,CAAC,EAAE;;;YAtCT,sBAAsB;YACtB,IAAI,QAAC,IAAI,CAAC,QAAQ,KAAK,CAAC,CAAA,CAAC,CAAA,QAAQ,CAAA,CAAC,CAAA,IAAI,CAAC,QAAQ,KAAK,CAAC,CAAA,CAAC,CAAA,QAAQ,CAAA,CAAC,CAAA,QAAQ;;YADvE,sBAAsB;YACtB,IAAI,CACD,UAAU,CAAC,YAAY;YAF1B,sBAAsB;YACtB,IAAI,CAED,SAAS,CAAC,KAAK,CAAC,KAAK;YAHxB,sBAAsB;YACtB,IAAI,CAGD,QAAQ,CAAC,EAAE;YAJd,sBAAsB;YACtB,IAAI,CAID,OAAO,CAAC,GAAE,EAAE;gBACX,SAAS;gBACT,IAAI,CAAC,QAAQ,EAAE,CAAA;gBACf,IAAI,IAAI,CAAC,QAAQ,GAAG,CAAC,EAAE;oBACrB,IAAI,CAAC,QAAQ,GAAG,CAAC,CAAA;iBAClB;YACH,CAAC;;QAXH,sBAAsB;QACtB,IAAI;;YAWJ,OAAO;YACP,IAAI,QAAC,QAAQ;;YADb,OAAO;YACP,IAAI,CACD,UAAU,CAAC,YAAY;YAF1B,OAAO;YACP,IAAI,CAED,SAAS,CAAC,KAAK,CAAC,KAAK;YAHxB,OAAO;YACP,IAAI,CAGD,QAAQ,CAAC,EAAE;;QAJd,OAAO;QACP,IAAI;;YAIJ,QAAQ;YACR,IAAI,QAAC,IAAI,CAAC,MAAM,CAAA,CAAC,CAAA,QAAQ,CAAA,CAAC,CAAA,QAAQ;;YADlC,QAAQ;YACR,IAAI,CACD,UAAU,CAAC,YAAY;YAF1B,QAAQ;YACR,IAAI,CAED,SAAS,CAAC,KAAK,CAAC,KAAK;YAHxB,QAAQ;YACR,IAAI,CAGD,QAAQ,CAAC,EAAE;YAJd,QAAQ;YACR,IAAI,CAID,OAAO,CAAC,GAAG,EAAE;gBACZ,IAAI,CAAC,WAAW,EAAE,CAAC;YACrB,CAAC;;QAPH,QAAQ;QACR,IAAI;;YAOJ,OAAO;YACP,IAAI,QAAC,QAAQ;;YADb,OAAO;YACP,IAAI,CACD,UAAU,CAAC,YAAY;YAF1B,OAAO;YACP,IAAI,CAED,SAAS,CAAC,KAAK,CAAC,KAAK;YAHxB,OAAO;YACP,IAAI,CAGD,QAAQ,CAAC,EAAE;;QAJd,OAAO;QACP,IAAI;;YAIJ,OAAO;YACP,IAAI,QAAC,QAAQ;;YADb,OAAO;YACP,IAAI,CACD,UAAU,CAAC,YAAY;YAF1B,OAAO;YACP,IAAI,CAED,SAAS,CAAC,KAAK,CAAC,KAAK;YAHxB,OAAO;YACP,IAAI,CAGD,QAAQ,CAAC,EAAE;;QAJd,OAAO;QACP,IAAI;QAjCN,MAAM;QACN,GAAG;QArCL,MAAM;KAgFP;IAED;;OAEG;IACH,WAAW;QACT,IAAG,IAAI,CAAC,MAAM,KAAK,IAAI,EAAE;YACvB,IAAI,CAAC,UAAU,CAAC,KAAK,EAAE,CAAA;YACvB,IAAI,CAAC,MAAM,GAAG,KAAK,CAAC;YACpB,0BAA0B;YAC1B,OAAO;SACR;QAED,IAAG,IAAI,CAAC,IAAI,KAAK,IAAI,EAAE;YACrB,IAAI,CAAC,UAAU,CAAC,KAAK,EAAE,CAAC;YACxB,IAAI,CAAC,MAAM,GAAG,IAAI,CAAC;YACnB,yBAAyB;SAC1B;aAAM;YACL,IAAI,CAAC,SAAS,GAAG,IAAI,CAAC;YACtB,kBAAkB;YAClB,IAAI,eAAe,GAAG,WAAW,CAAC,GAAG,EAAE;gBACrC,IAAG,IAAI,CAAC,WAAW,IAAI,GAAG,EAAE;oBAC1B,IAAI,CAAC,WAAW,GAAG,CAAC,CAAA;iBACrB;qBAAM;oBACL,IAAI,CAAC,WAAW,IAAI,EAAE,CAAA;iBACvB;YACH,CAAC,EAAE,GAAG,CAAC,CAAA;YACP,iBAAiB;YACjB,IAAI,YAAY,GAAG,WAAW,CAAC,GAAG,EAAE;gBAClC,IAAG,IAAI,CAAC,IAAI,KAAK,IAAI,EAAE;oBACrB,IAAI,CAAC,UAAU,CAAC,KAAK,EAAE,CAAC;oBACxB,IAAI,CAAC,MAAM,GAAG,IAAI,CAAC;oBACnB,yBAAyB;oBACzB,IAAI,CAAC,SAAS,GAAG,KAAK,CAAC;oBACvB,aAAa,CAAC,YAAY,CAAC,CAAC;oBAC5B,aAAa,CAAC,eAAe,CAAC,CAAC;iBAChC;YACH,CAAC,EAAE,GAAG,CAAC,CAAA;SACR;IACH,CAAC;IAED;;OAEG;IACH,cAAc,CAAC,KAAK,EAAE,MAAM,EAAE,IAAI,EAAE,gBAAgB;QAClD,IAAI,CAAC,WAAW,GAAG,MAAM,CAAC,QAAQ,CAAC,KAAK,CAAC,QAAQ,EAAE,CAAC,CAAC;QACrD,IAAI,CAAC,UAAU,CAAC,cAAc,CAAC,MAAM,CAAC,QAAQ,CAAC,KAAK,CAAC,QAAQ,EAAE,CAAC,EAAE,QAAQ,CAAC,QAAQ,CAAC,CAAC;QACrF,4EAA4E;QAC5E,4BAA4B;QAC5B,IAAI;QACJ,sCAAsC;QACtC,2BAA2B;QAC3B,IAAI;IACN,CAAC",
    "entry-package-info": "entry|1.0.0"
  },
  "entry|entry|1.0.0|src/main/ets/viewmodel/SwiperVideoItem.ts": {
    "version": 3,
    "file": "SwiperVideoItem.ets",
    "sourceRoot": "",
    "sources": [
      "entry/src/main/ets/viewmodel/SwiperVideoItem.ets"
    ],
    "names": [],
    "mappings": "AACA;;GAEG;AACH,CAAC,QAAQ;AACT,MAAM,OAAO,eAAe;IAC1B,KAAK,EAAE,QAAQ,CAAC;IAEhB,YAAY,KAAK,EAAE,QAAQ;QACzB,IAAI,CAAC,KAAK,GAAG,KAAK,CAAC;IACrB,CAAC;CACF",
    "entry-package-info": "entry|1.0.0"
  },
  "entry|entry|1.0.0|src/main/ets/viewmodel/VerticalVideoItem.ts": {
    "version": 3,
    "file": "VerticalVideoItem.ets",
    "sourceRoot": "",
    "sources": [
      "entry/src/main/ets/viewmodel/VerticalVideoItem.ets"
    ],
    "names": [],
    "mappings": "AACA;;GAEG;AACH,CAAC,QAAQ;AACT,MAAM,OAAO,iBAAiB;IAC5B,EAAE,EAAE,MAAM,CAAA;IACV,IAAI,EAAE,MAAM,CAAA;IACZ,KAAK,EAAE,MAAM,CAAA;IACb,MAAM,CAAC,EAAE,MAAM,GAAG,IAAI,CAAA;IACtB,KAAK,CAAC,EAAE,QAAQ,GAAG,MAAM,qHAA0B;IAEnD,YAAY,EAAE,EAAE,MAAM,EAAE,IAAI,EAAE,MAAM,EAAE,KAAK,EAAE,MAAM,EAAC,MAAM,CAAC,EAAE,MAAM,EAAE,KAAK,CAAC,EAAE,QAAQ,GAAG,MAAM;QAC5F,IAAI,CAAC,EAAE,GAAG,EAAE,CAAA;QACZ,IAAI,CAAC,IAAI,GAAG,IAAI,CAAA;QAChB,IAAI,CAAC,KAAK,GAAG,KAAK,CAAA;QAClB,IAAI,CAAC,KAAK,GAAG,KAAK,CAAA;QAClB,IAAI,CAAC,MAAM,GAAG,MAAM,CAAA;IACtB,CAAC;CACF",
    "entry-package-info": "entry|1.0.0"
  },
  "entry|entry|1.0.0|src/main/ets/viewmodel/VerticaMusicItem.ts": {
    "version": 3,
    "file": "VerticaMusicItem.ets",
    "sourceRoot": "",
    "sources": [
      "entry/src/main/ets/viewmodel/VerticaMusicItem.ets"
    ],
    "names": [],
    "mappings": "AACA;;GAEG;AACH,CAAC,QAAQ;AACT,MAAM,OAAO,iBAAiB;IAC5B,EAAE,EAAE,MAAM,CAAA;IACV,IAAI,EAAE,MAAM,CAAA;IACZ,KAAK,EAAE,MAAM,CAAA;IACb,MAAM,CAAC,EAAC,MAAM,GAAG,IAAI,CAAA;IACrB,KAAK,CAAC,EAAE,QAAQ,GAAG,MAAM,qHAA0B;IAEnD,YAAY,EAAE,EAAE,MAAM,EAAG,IAAI,EAAE,MAAM,EAAG,KAAK,EAAE,MAAM,EAAE,MAAM,CAAC,EAAC,MAAM,EAAE,KAAK,CAAC,EAAE,QAAQ,GAAG,MAAM;QAC9F,IAAI,CAAC,EAAE,GAAG,EAAE,CAAA;QACZ,IAAI,CAAC,IAAI,GAAG,IAAI,CAAA;QAChB,IAAI,CAAC,KAAK,GAAG,KAAK,CAAA;QAClB,IAAI,CAAC,MAAM,GAAG,MAAM,CAAA;QACpB,IAAI,CAAC,KAAK,GAAG,KAAK,CAAA;IACpB,CAAC;CACF",
    "entry-package-info": "entry|1.0.0"
  },
  "entry|entry|1.0.0|src/main/ets/viewmodel/VideoData.ts": {
    "version": 3,
    "file": "VideoData.ets",
    "sourceRoot": "",
    "sources": [
      "entry/src/main/ets/viewmodel/VideoData.ets"
    ],
    "names": [],
    "mappings": "OAAO,EAAE,eAAe,EAAE;OACnB,EAAE,iBAAiB,EAAE;OACrB,EAAE,iBAAiB,EAAE;AAE5B,MAAM,CAAC,MAAM,aAAa,EAAE,eAAe,EAAE,GAAG;IAC9C,IAAI,eAAe,mHAAyB;IAC5C,IAAI,eAAe,mHAAyB;IAC5C,IAAI,eAAe,mHAAyB;CAC7C,CAAC;AAEF,MAAM,CAAC,MAAM,eAAe,EAAE,iBAAiB,EAAE,GAAG;IAClD,IAAI,iBAAiB,CAAC,CAAC,EAAE,gBAAgB,EAAC,2EAA2E,CAAC;IACtH,IAAI,iBAAiB,CAAC,CAAC,EAAE,cAAc,EAAE,gFAAgF,CAAC;IAC1H,IAAI,iBAAiB,CAAC,CAAC,EAAC,oCAAoC,EAAC,qDAAqD,CAAC;IACnH,IAAI,iBAAiB,CAAC,CAAC,EAAE,YAAY,EAAE,8DAA8D,CAAC;IACtG,oHAAoH;IACpH,iGAAiG;IACjG,mGAAmG;CACpG,CAAC;AAEF,MAAM,CAAC,MAAM,eAAe,EAAE,iBAAiB,EAAE,GAAG;IAClD,IAAI,iBAAiB,CAAC,CAAC,EAAC,GAAG,EAAC,wEAAwE,EAAC,IAAI,EAAC,wEAAwE,CAAE;IACpL,IAAI,iBAAiB,CAAC,CAAC,EAAE,MAAM,EAAC,yEAAyE,EAAC,WAAW,EAAE,yEAAyE,CAAC;IACjM,IAAI,iBAAiB,CAAC,CAAC,EAAC,MAAM,EAAE,wEAAwE,EAAC,KAAK,EAAC,wEAAwE,CAAC;IACxL,IAAI,iBAAiB,CAAC,CAAC,EAAE,MAAM,EAAE,yEAAyE,EAAC,QAAQ,EAAC,yEAAyE,CAAC;IAC9L,IAAI,iBAAiB,CAAC,CAAC,EAAE,OAAO,EAAE,yEAAyE,EAAC,KAAK,EAAC,yEAAyE,CAAC;CAC7L,CAAC",
    "entry-package-info": "entry|1.0.0"
  }
}