[{"time":"2025-01-13T10:59:01.474Z","category":"etsTransform","level":"warn","msg":"\u001b[33mArkTS:WARN File: C:/Users/29652/Downloads/videoPlayer-main/videoPlayer-main/entry/src/main/ets/pages/videoPage.ets:62:11\n Property 'source' is private and can not be initialized through the component constructor.","type":"plugin_log","fileId":"C:/Users/29652/Downloads/videoPlayer-main/videoPlayer-main/entry/src/main/ets/pages/videoPage.ets"},{"time":"2025-01-13T10:59:01.475Z","category":"etsTransform","level":"warn","msg":"\u001b[33mArkTS:WARN File: C:/Users/29652/Downloads/videoPlayer-main/videoPlayer-main/entry/src/main/ets/pages/videoPage.ets:62:11\n Property 'previewUris' is private and can not be initialized through the component constructor.","type":"plugin_log","fileId":"C:/Users/29652/Downloads/videoPlayer-main/videoPlayer-main/entry/src/main/ets/pages/videoPage.ets"},{"time":"2025-01-13T10:59:01.475Z","category":"etsTransform","level":"warn","msg":"\u001b[33mArkTS:WARN File: C:/Users/29652/Downloads/videoPlayer-main/videoPlayer-main/entry/src/main/ets/pages/videoPage.ets:62:11\n Property 'controller' is private and can not be initialized through the component constructor.","type":"plugin_log","fileId":"C:/Users/29652/Downloads/videoPlayer-main/videoPlayer-main/entry/src/main/ets/pages/videoPage.ets"},{"time":"2025-01-13T10:59:01.475Z","category":"etsTransform","level":"warn","msg":"\u001b[33mArkTS:WARN File: C:/Users/29652/Downloads/videoPlayer-main/videoPlayer-main/entry/src/main/ets/pages/videoPage.ets:70:11\n Property 'source' is private and can not be initialized through the component constructor.","type":"plugin_log","fileId":"C:/Users/29652/Downloads/videoPlayer-main/videoPlayer-main/entry/src/main/ets/pages/videoPage.ets"},{"time":"2025-01-13T10:59:01.475Z","category":"etsTransform","level":"warn","msg":"\u001b[33mArkTS:WARN File: C:/Users/29652/Downloads/videoPlayer-main/videoPlayer-main/entry/src/main/ets/pages/videoPage.ets:70:11\n Property 'controller' is private and can not be initialized through the component constructor.","type":"plugin_log","fileId":"C:/Users/29652/Downloads/videoPlayer-main/videoPlayer-main/entry/src/main/ets/pages/videoPage.ets"},{"time":"2025-01-13T10:59:01.538Z","category":"etsTransform","level":"warn","msg":"\u001b[33mArkTS:WARN File: C:/Users/29652/Downloads/videoPlayer-main/videoPlayer-main/entry/src/main/ets/pages/musicPage.ets:62:9\n Property 'artName' is private and can not be initialized through the component constructor.","type":"plugin_log","fileId":"C:/Users/29652/Downloads/videoPlayer-main/videoPlayer-main/entry/src/main/ets/pages/musicPage.ets"},{"time":"2025-01-13T10:59:01.538Z","category":"etsTransform","level":"warn","msg":"\u001b[33mArkTS:WARN File: C:/Users/29652/Downloads/videoPlayer-main/videoPlayer-main/entry/src/main/ets/pages/musicPage.ets:62:9\n Property 'artAuthor' is private and can not be initialized through the component constructor.","type":"plugin_log","fileId":"C:/Users/29652/Downloads/videoPlayer-main/videoPlayer-main/entry/src/main/ets/pages/musicPage.ets"},{"time":"2025-01-13T10:59:01.538Z","category":"etsTransform","level":"warn","msg":"\u001b[33mArkTS:WARN File: C:/Users/29652/Downloads/videoPlayer-main/videoPlayer-main/entry/src/main/ets/pages/musicPage.ets:62:9\n Property 'source' is private and can not be initialized through the component constructor.","type":"plugin_log","fileId":"C:/Users/29652/Downloads/videoPlayer-main/videoPlayer-main/entry/src/main/ets/pages/musicPage.ets"},{"time":"2025-01-13T10:59:01.538Z","category":"etsTransform","level":"warn","msg":"\u001b[33mArkTS:WARN File: C:/Users/29652/Downloads/videoPlayer-main/videoPlayer-main/entry/src/main/ets/pages/musicPage.ets:62:9\n Property 'previewUris' is private and can not be initialized through the component constructor.","type":"plugin_log","fileId":"C:/Users/29652/Downloads/videoPlayer-main/videoPlayer-main/entry/src/main/ets/pages/musicPage.ets"},{"time":"2025-01-13T10:59:01.538Z","category":"etsTransform","level":"warn","msg":"\u001b[33mArkTS:WARN File: C:/Users/29652/Downloads/videoPlayer-main/videoPlayer-main/entry/src/main/ets/pages/musicPage.ets:62:9\n Property 'controller' is private and can not be initialized through the component constructor.","type":"plugin_log","fileId":"C:/Users/29652/Downloads/videoPlayer-main/videoPlayer-main/entry/src/main/ets/pages/musicPage.ets"},{"time":"2025-01-13T10:59:01.649Z","category":"etsTransform","level":"warn","msg":"\u001b[33mArkTS:WARN File: C:/Users/29652/Downloads/videoPlayer-main/videoPlayer-main/entry/src/main/ets/view/VideoPlayer.ets:97:9\n Property 'controller' is private and can not be initialized through the component constructor.","type":"plugin_log","fileId":"C:/Users/29652/Downloads/videoPlayer-main/videoPlayer-main/entry/src/main/ets/view/VideoPlayer.ets"},{"time":"2025-01-13T10:59:01.725Z","category":"etsTransform","level":"warn","msg":"\u001b[33mArkTS:WARN File: C:/Users/29652/Downloads/videoPlayer-main/videoPlayer-main/entry/src/main/ets/view/MusicPlayer.ets:205:9\n Property 'controller' is private and can not be initialized through the component constructor.","type":"plugin_log","fileId":"C:/Users/29652/Downloads/videoPlayer-main/videoPlayer-main/entry/src/main/ets/view/MusicPlayer.ets"},{"time":"2025-01-13T11:03:28.704Z","category":"etsTransform","level":"warn","msg":"\u001b[33mArkTS:WARN File: C:/Users/29652/Downloads/videoPlayer-main/videoPlayer-main/entry/src/main/ets/view/IndexModule.ets:16:13\n Property 'imageSrc' is private and can not be initialized through the component constructor.","type":"plugin_log"},{"time":"2025-01-13T11:03:28.704Z","category":"etsTransform","level":"warn","msg":"\u001b[33mArkTS:WARN File: C:/Users/29652/Downloads/videoPlayer-main/videoPlayer-main/entry/src/main/ets/view/IndexModule.ets:16:13\n Property 'source' is private and can not be initialized through the component constructor.","type":"plugin_log"},{"time":"2025-01-13T11:03:28.704Z","category":"etsTransform","level":"warn","msg":"\u001b[33mArkTS:WARN File: C:/Users/29652/Downloads/videoPlayer-main/videoPlayer-main/entry/src/main/ets/view/IndexModule.ets:16:13\n Property 'artName' is private and can not be initialized through the component constructor.","type":"plugin_log"},{"time":"2025-01-13T11:03:28.704Z","category":"etsTransform","level":"warn","msg":"\u001b[33mArkTS:WARN File: C:/Users/29652/Downloads/videoPlayer-main/videoPlayer-main/entry/src/main/ets/view/IndexModule.ets:16:13\n Property 'artAuthor' is private and can not be initialized through the component constructor.","type":"plugin_log"},{"time":"2025-01-13T11:03:28.704Z","category":"etsTransform","level":"warn","msg":"\u001b[33mArkTS:WARN File: C:/Users/29652/Downloads/videoPlayer-main/videoPlayer-main/entry/src/main/ets/view/IndexModule.ets:53:13\n Property 'imageSrc' is private and can not be initialized through the component constructor.","type":"plugin_log"},{"time":"2025-01-13T11:03:28.704Z","category":"etsTransform","level":"warn","msg":"\u001b[33mArkTS:WARN File: C:/Users/29652/Downloads/videoPlayer-main/videoPlayer-main/entry/src/main/ets/view/IndexModule.ets:53:13\n Property 'source' is private and can not be initialized through the component constructor.","type":"plugin_log"},{"time":"2025-01-13T11:03:28.704Z","category":"etsTransform","level":"warn","msg":"\u001b[33mArkTS:WARN File: C:/Users/29652/Downloads/videoPlayer-main/videoPlayer-main/entry/src/main/ets/view/IndexModule.ets:53:13\n Property 'artName' is private and can not be initialized through the component constructor.","type":"plugin_log"},{"time":"2025-01-13T11:03:28.704Z","category":"etsTransform","level":"warn","msg":"\u001b[33mArkTS:WARN File: C:/Users/29652/Downloads/videoPlayer-main/videoPlayer-main/entry/src/main/ets/view/IndexModule.ets:53:13\n Property 'artAuthor' is private and can not be initialized through the component constructor.","type":"plugin_log"}]