{
  "HVIGOR_OHOS_PLUGIN": {
    "MODULES": [
      {
        "MODULE_NAME": "1043bfc77febe75fafec0c4309faccf1",
        "API_TYPE": "stageMode"
      }
    ],
    "BUILD_MODE": "debug"
  },
  "HVIGOR": {
    "IS_INCREMENTAL": true,
    "IS_DAEMON": true,
    "IS_PARALLEL": true,
    "IS_HVIGORFILE_TYPE_CHECK": false,
    "TASK_TIME": {
      "1043bfc77febe75fafec0c4309faccf1": {
        "PreCheckSyscap": 175600,
        "GeneratePkgContextInfo": 549000,
        "PreviewProcessResource": 1777000,
        "PreviewHookCompileResource": 126500,
        "ReplacePreviewerPage": 173700,
        "buildPreviewerResource": 334000,
        "PreviewArkTS": 7013709300,
        "PreviewBuild": 362400
      }
    },
    "TOTAL_TIME": 7225941300,
    "BUILD_ID": "202501131903230620"
  }
}