{"deviceType":"phone","checkEntry":"true","localPropertiesPath":"C:\\Users\\29652\\Downloads\\videoPlayer-main\\videoPlayer-main\\local.properties","Path":"D:\\sth you need\\DevEco Studio\\tools\\node\\","note":"false","aceProfilePath":"C:\\Users\\29652\\Downloads\\videoPlayer-main\\videoPlayer-main\\entry\\.preview\\default\\intermediates\\res\\default\\resources\\base\\profile","isPreview":"true","hapMode":"false","buildMode":"debug","img2bin":"true","projectProfilePath":"C:\\Users\\29652\\Downloads\\videoPlayer-main\\videoPlayer-main\\build-profile.json5","watchMode":"true","appResource":"C:\\Users\\29652\\Downloads\\videoPlayer-main\\videoPlayer-main\\entry\\.preview\\default\\intermediates\\res\\default\\ResourceTable.txt","logLevel":"3","stageRouterConfig":{"contents":["{\"module\":{\"pages\":\"$profile:main_pages\",\"name\":\"entry\"}}","{\"src\":[\"pages/HomePage\",\"pages/videoPage\",\"pages/musicPage\"]}"],"paths":["C:\\Users\\29652\\Downloads\\videoPlayer-main\\videoPlayer-main\\entry\\.preview\\default\\intermediates\\res\\default\\module.json","C:\\Users\\29652\\Downloads\\videoPlayer-main\\videoPlayer-main\\entry\\.preview\\default\\intermediates\\res\\default\\resources\\base\\profile\\main_pages.json"]},"port":"29958","aceBuildJson":"C:\\Users\\29652\\Downloads\\videoPlayer-main\\videoPlayer-main\\entry\\.preview\\default\\intermediates\\loader\\default\\loader.json","aceModuleRoot":"C:\\Users\\29652\\Downloads\\videoPlayer-main\\videoPlayer-main\\entry\\src\\main\\ets","aceSoPath":"C:\\Users\\29652\\Downloads\\videoPlayer-main\\videoPlayer-main\\entry\\.preview\\cache\\nativeDependencies.txt","cachePath":"C:\\Users\\29652\\Downloads\\videoPlayer-main\\videoPlayer-main\\entry\\.preview\\cache\\.default","aceModuleBuild":"C:\\Users\\29652\\Downloads\\videoPlayer-main\\videoPlayer-main\\entry\\.preview\\default\\intermediates\\assets\\default\\ets","aceModuleJsonPath":"C:\\Users\\29652\\Downloads\\videoPlayer-main\\videoPlayer-main\\entry\\.preview\\default\\intermediates\\res\\default\\module.json"}